School ID,School Name,Grade,Program,Program Name,1st Choice,2nd Choice,3rd Choice,4th Choice,5th Choice,6th Choice,7th Choice,8th Choice,9th Choice,10th+
441,Access SFUSD: Bay Street,13,BA,Bay Street Transition Program,0,0,1,0,1,0,0,0,0,0
441,Access SFUSD: Bay Street,13,CA,SDC Transition Program (CAT),6,6,3,0,0,0,0,0,0,0
442,Access SFUSD: The Arc,13,CA,SDC Transition Program (CAT),9,3,8,1,1,0,0,0,0,0
413,Alamo ES,K,GE,,68,60,57,38,44,24,20,8,9,104
413,Alamo ES,K,SA,,4,2,1,1,1,0,0,0,0,0
413,Alamo ES,1,GE,,0,0,0,2,0,1,0,0,1,3
413,Alamo ES,1,SA,,0,0,0,0,1,0,0,0,0,0
413,Alamo ES,2,GE,,5,4,5,1,2,1,0,0,0,2
413,Alamo ES,2,SA,,0,0,0,0,0,0,0,0,0,0
413,Alamo ES,3,GE,,1,3,4,4,1,1,0,0,0,1
413,Alamo ES,3,SA,,0,0,0,0,0,0,0,0,0,0
413,Alamo ES,4,GE,,1,4,3,1,1,0,1,0,0,1
413,Alamo ES,4,SA,,0,0,1,0,0,0,0,0,0,0
413,Alamo ES,5,GE,,1,1,2,1,1,0,0,0,0,1
413,Alamo ES,5,SA,,0,0,0,0,0,0,0,0,0,0
420,Alvarado ES,TK,GE,,86,65,47,31,28,7,3,7,5,10
420,Alvarado ES,K,GE,,37,86,63,52,57,28,22,16,22,68
420,Alvarado ES,K,MS,,2,3,1,0,0,0,0,0,0,0
420,Alvarado ES,K,SE,,101,54,38,35,27,17,11,11,5,43
420,Alvarado ES,K,SN,,50,21,16,12,4,0,0,0,1,5
420,Alvarado ES,1,GE,,6,1,6,4,5,1,2,1,1,2
420,Alvarado ES,1,MS,,0,0,0,0,0,0,0,0,0,0
420,Alvarado ES,1,SE,,5,7,5,0,2,2,1,0,0,0
420,Alvarado ES,1,SN,,3,1,0,1,0,0,0,0,0,0
420,Alvarado ES,2,GE,,6,3,6,2,4,1,0,1,0,1
420,Alvarado ES,2,MS,,0,0,0,0,0,0,0,0,0,0
420,Alvarado ES,2,SN,,3,0,0,0,0,0,0,0,0,0
420,Alvarado ES,3,GE,,4,2,1,1,0,1,1,0,1,3
420,Alvarado ES,3,MS,,0,0,0,0,0,0,0,0,0,0
420,Alvarado ES,3,SN,,4,0,1,0,0,0,0,0,0,0
420,Alvarado ES,4,GE,,2,1,5,2,3,0,0,1,0,1
420,Alvarado ES,4,MS,,0,0,0,0,0,0,0,0,0,0
420,Alvarado ES,4,SN,,2,0,1,1,1,0,0,0,0,0
420,Alvarado ES,5,GE,,2,1,3,2,1,1,0,0,0,2
420,Alvarado ES,5,MS,,0,0,0,0,0,0,0,0,0,0
420,Alvarado ES,5,SN,,0,0,0,0,0,0,0,0,0,0
431,Aptos MS,6,GE,,216,195,188,144,101,38,22,19,8,7
431,Aptos MS,6,MM,,4,1,0,1,1,0,0,0,0,0
431,Aptos MS,6,MN,,40,12,4,5,2,1,1,0,0,0
431,Aptos MS,6,SA,,2,2,1,0,0,0,0,0,0,0
431,Aptos MS,7,GE,,10,7,1,2,5,0,0,1,0,1
431,Aptos MS,7,MM,,0,0,0,0,0,0,0,0,0,0
431,Aptos MS,7,MN,,1,2,1,0,0,0,0,0,0,0
431,Aptos MS,7,SA,,0,0,0,0,0,0,0,0,0,0
431,Aptos MS,8,GE,,3,5,3,2,0,0,0,0,0,0
431,Aptos MS,8,MM,,0,0,0,0,0,0,0,0,0,0
431,Aptos MS,8,MN,,0,0,0,0,0,0,0,0,0,0
431,Aptos MS,8,SA,,0,0,0,0,1,0,0,0,0,0
903,Argonne EES,TK,GE,,48,50,32,31,26,18,9,7,10,3
435,Argonne ES,K,GE,,44,66,78,67,60,30,22,20,20,132
435,Argonne ES,K,AF,,2,3,3,0,1,1,0,0,0,0
435,Argonne ES,1,GE,,1,1,0,1,3,0,0,0,0,4
435,Argonne ES,1,AF,,0,0,0,1,0,0,0,0,0,0
435,Argonne ES,2,GE,,2,5,1,5,1,0,0,1,0,1
435,Argonne ES,2,AF,,0,0,0,0,0,0,0,0,0,0
435,Argonne ES,3,GE,,2,2,0,2,1,0,0,0,1,1
435,Argonne ES,3,AF,,0,0,0,0,0,0,0,0,0,0
435,Argonne ES,4,GE,,1,4,0,2,1,1,0,0,0,1
435,Argonne ES,4,AF,,0,0,0,1,0,0,0,0,0,0
435,Argonne ES,5,GE,,0,4,2,0,0,1,0,0,0,1
435,Argonne ES,5,AF,,0,0,0,0,0,0,0,0,0,0
815,Asawa (Ruth) SOTA HS,9,GE,,355,92,74,61,46,12,5,2,0,1
815,Asawa (Ruth) SOTA HS,9,MM,,2,1,2,1,0,0,0,0,0,0
815,Asawa (Ruth) SOTA HS,10,GE,,7,4,1,2,1,1,0,0,0,0
815,Asawa (Ruth) SOTA HS,10,MM,,0,0,0,0,0,0,0,0,0,0
815,Asawa (Ruth) SOTA HS,11,GE,,2,3,3,1,0,0,0,0,0,0
815,Asawa (Ruth) SOTA HS,11,MM,,1,0,0,0,0,0,0,0,0,0
815,Asawa (Ruth) SOTA HS,12,GE,,3,0,0,0,0,0,0,0,0,0
815,Asawa (Ruth) SOTA HS,12,MM,,0,0,0,0,0,0,0,0,0,0
815,Asawa (Ruth) SOTA HS,13,CA,,0,0,0,0,0,0,0,0,0,0
439,Balboa HS,9,GE,,389,321,319,252,227,51,16,5,1,3
439,Balboa HS,9,MM,,5,3,2,2,3,2,0,0,0,0
439,Balboa HS,9,MS,,4,1,0,0,0,0,0,0,0,0
439,Balboa HS,9,NX,,0,0,0,0,1,0,0,0,0,0
439,Balboa HS,10,GE,,14,17,3,3,4,1,0,0,0,0
439,Balboa HS,10,MM,,0,0,0,0,0,0,0,0,0,0
439,Balboa HS,10,MS,,1,0,0,0,0,0,0,0,0,0
439,Balboa HS,10,NX,,0,0,0,0,0,0,0,0,0,0
439,Balboa HS,11,GE,,8,6,3,7,3,1,0,0,0,0
439,Balboa HS,11,MM,,0,0,0,0,1,0,0,0,0,0
439,Balboa HS,11,MS,,0,0,0,0,0,0,0,0,0,0
439,Balboa HS,11,NX,,0,0,0,0,0,0,0,0,0,0
439,Balboa HS,12,GE,,5,3,0,2,0,0,0,0,0,0
439,Balboa HS,12,MM,,0,0,0,0,0,0,0,0,0,0
439,Balboa HS,12,MS,,0,0,0,0,0,0,0,0,0,0
439,Balboa HS,12,NX,,0,0,0,0,0,0,0,0,0,0
439,Balboa HS,13,CA,,4,7,3,2,0,0,0,0,0,0
858,Brown Jr. (Willie) MS,6,GE,,96,52,50,38,22,10,5,4,2,15
858,Brown Jr. (Willie) MS,7,GE,,2,1,1,0,1,0,0,0,0,0
858,Brown Jr. (Willie) MS,8,GE,,1,1,1,0,0,0,0,0,0,0
456,Bryant ES,K,GE,,10,8,27,17,7,4,0,1,1,17
456,Bryant ES,K,SB,,28,7,20,5,5,0,0,1,0,2
456,Bryant ES,1,GE,,0,1,0,0,0,0,0,0,0,3
456,Bryant ES,1,SB,,0,0,0,1,0,0,0,0,0,0
456,Bryant ES,2,GE,,0,1,0,0,1,0,0,0,0,0
456,Bryant ES,2,SB,,0,0,0,0,0,0,0,0,0,0
456,Bryant ES,3,GE,,0,1,2,0,0,0,1,0,0,1
456,Bryant ES,3,SB,,0,2,0,0,1,0,0,0,0,0
456,Bryant ES,4,GE,,0,0,1,0,1,0,0,0,0,0
456,Bryant ES,4,SB,,1,0,0,0,0,1,0,0,0,0
456,Bryant ES,5,GE,,0,1,0,0,0,0,0,0,0,1
456,Bryant ES,5,SB,,0,0,1,1,0,0,0,0,0,0
618,Buena Vista Horace Mann K-8,K,MM,,1,2,0,0,0,0,0,0,0,0
618,Buena Vista Horace Mann K-8,K,SE,,27,23,16,15,12,10,5,1,9,27
618,Buena Vista Horace Mann K-8,K,SN,,22,31,17,14,6,6,0,2,0,2
618,Buena Vista Horace Mann K-8,1,MM,,0,0,0,0,0,0,0,0,0,0
618,Buena Vista Horace Mann K-8,1,SE,,2,0,1,0,0,2,0,0,0,1
618,Buena Vista Horace Mann K-8,1,SN,,3,2,0,1,0,0,0,0,0,0
618,Buena Vista Horace Mann K-8,2,MM,,0,0,0,0,0,0,0,0,0,0
618,Buena Vista Horace Mann K-8,2,SN,,2,1,2,0,1,0,0,0,0,0
618,Buena Vista Horace Mann K-8,3,MM,,0,0,0,0,0,0,0,0,0,0
618,Buena Vista Horace Mann K-8,3,SN,,5,1,0,1,0,0,0,0,0,0
618,Buena Vista Horace Mann K-8,4,MM,,0,0,0,0,0,0,0,0,0,0
618,Buena Vista Horace Mann K-8,4,SN,,8,0,2,1,1,0,0,1,0,0
618,Buena Vista Horace Mann K-8,5,MM,,0,0,0,0,0,0,0,0,0,0
618,Buena Vista Horace Mann K-8,5,SN,,5,3,1,0,0,0,0,0,0,0
618,Buena Vista Horace Mann K-8,6,SN,,76,37,34,11,3,2,0,1,0,0
618,Buena Vista Horace Mann K-8,7,SN,,1,0,0,0,0,0,0,0,0,0
618,Buena Vista Horace Mann K-8,8,SN,,1,0,0,0,0,0,0,0,0,0
764,Burton (Phillip and Sala) HS,9,GE,,118,139,121,99,92,31,19,11,5,6
764,Burton (Phillip and Sala) HS,9,MM,,0,2,1,3,0,0,0,0,0,0
764,Burton (Phillip and Sala) HS,9,MS,,0,2,0,0,0,0,0,0,0,0
764,Burton (Phillip and Sala) HS,10,GE,,3,0,1,0,1,0,0,0,0,0
764,Burton (Phillip and Sala) HS,10,MM,,0,0,0,0,0,0,0,0,0,0
764,Burton (Phillip and Sala) HS,10,MS,,0,0,0,0,0,0,0,0,0,0
764,Burton (Phillip and Sala) HS,11,GE,,2,0,1,2,1,1,0,0,0,0
764,Burton (Phillip and Sala) HS,11,MM,,0,0,0,1,0,0,0,0,0,0
764,Burton (Phillip and Sala) HS,11,MS,,0,0,0,0,0,0,0,0,0,0
764,Burton (Phillip and Sala) HS,12,GE,,2,0,0,0,0,0,0,0,0,0
764,Burton (Phillip and Sala) HS,12,MM,,0,0,0,0,0,0,0,0,0,0
764,Burton (Phillip and Sala) HS,12,MS,,0,0,0,0,0,0,0,0,0,0
764,Burton (Phillip and Sala) HS,13,CA,,4,1,1,2,0,0,0,0,0,0
449,Carmichael (Bessie) K-8,TK,GE,,14,7,7,6,6,3,0,1,0,8
449,Carmichael (Bessie) K-8,K,GE,,29,15,8,13,5,0,0,0,0,16
449,Carmichael (Bessie) K-8,K,FB,,13,1,0,0,2,0,0,0,0,2
449,Carmichael (Bessie) K-8,1,GE,,1,0,2,0,1,0,0,0,0,1
449,Carmichael (Bessie) K-8,1,FB,,0,0,0,0,0,0,0,0,0,0
449,Carmichael (Bessie) K-8,2,GE,,0,0,0,2,0,0,0,0,0,0
449,Carmichael (Bessie) K-8,2,FB,,0,0,0,0,0,0,0,0,0,0
449,Carmichael (Bessie) K-8,3,GE,,0,0,1,0,0,0,0,0,0,1
449,Carmichael (Bessie) K-8,3,FB,,0,0,0,0,0,0,0,0,0,0
449,Carmichael (Bessie) K-8,4,GE,,1,1,0,0,0,0,0,0,0,0
449,Carmichael (Bessie) K-8,4,FB,,0,0,0,0,0,0,0,0,0,0
449,Carmichael (Bessie) K-8,5,GE,,0,0,0,0,0,0,0,0,0,1
449,Carmichael (Bessie) K-8,5,FB,,0,0,0,0,0,0,0,0,0,0
449,Carmichael (Bessie) K-8,6,GE,,17,21,9,5,10,4,4,1,1,14
449,Carmichael (Bessie) K-8,7,GE,,1,0,1,1,1,0,0,0,0,0
449,Carmichael (Bessie) K-8,8,GE,,0,0,1,0,0,0,0,0,0,0
625,Carver (Dr George W) ES,K,GE,,6,10,3,4,3,0,1,0,0,9
625,Carver (Dr George W) ES,1,GE,,0,2,0,0,0,0,0,0,0,1
625,Carver (Dr George W) ES,2,GE,,0,0,0,0,1,0,0,0,0,0
625,Carver (Dr George W) ES,3,GE,,0,0,0,0,0,0,0,0,0,1
625,Carver (Dr George W) ES,4,GE,,1,0,0,0,0,0,0,0,0,0
625,Carver (Dr George W) ES,5,GE,,0,1,0,0,0,0,0,0,0,1
603,Chavez (Cesar) ES,TK,GE,,17,15,12,15,5,3,4,1,0,12
603,Chavez (Cesar) ES,TK,TC,,0,0,0,0,1,0,0,0,0,0
603,Chavez (Cesar) ES,K,GE,,17,16,21,18,16,5,1,0,0,22
603,Chavez (Cesar) ES,K,SB,,23,24,12,10,8,1,3,1,0,2
603,Chavez (Cesar) ES,K,TC,,0,0,0,0,0,0,0,0,0,0
603,Chavez (Cesar) ES,1,GE,,2,0,0,0,0,0,0,0,1,2
603,Chavez (Cesar) ES,1,SB,,1,2,1,1,0,0,0,0,0,0
603,Chavez (Cesar) ES,1,TC,,0,0,0,0,0,0,0,0,0,0
603,Chavez (Cesar) ES,2,GE,,1,0,0,1,0,0,0,0,0,0
603,Chavez (Cesar) ES,2,SB,,0,1,0,1,0,0,0,0,0,0
603,Chavez (Cesar) ES,2,TC,,0,0,0,0,0,0,0,0,0,0
603,Chavez (Cesar) ES,3,GE,,0,0,0,0,1,1,0,0,0,1
603,Chavez (Cesar) ES,3,SB,,0,0,1,1,0,0,0,0,0,0
603,Chavez (Cesar) ES,3,TC,,0,0,0,0,0,0,0,0,0,0
603,Chavez (Cesar) ES,4,GE,,0,1,0,0,0,0,0,0,0,0
603,Chavez (Cesar) ES,4,SB,,1,2,2,1,2,0,0,0,0,0
603,Chavez (Cesar) ES,4,TC,,0,0,0,0,0,0,0,0,0,0
603,Chavez (Cesar) ES,5,GE,,0,0,0,0,1,0,0,0,0,1
603,Chavez (Cesar) ES,5,SB,,0,1,0,0,0,0,0,0,0,0
603,Chavez (Cesar) ES,5,TC,,0,0,0,0,0,0,0,0,0,0
872,Chin (John Yehall) ES,K,GE,,30,23,33,19,19,9,8,7,4,33
872,Chin (John Yehall) ES,K,CB,,0,0,0,0,0,0,0,0,0,0
872,Chin (John Yehall) ES,1,GE,,2,0,1,0,1,0,1,0,0,3
872,Chin (John Yehall) ES,1,CB,,0,2,0,0,0,1,0,0,0,0
872,Chin (John Yehall) ES,2,GE,,0,0,0,1,0,1,0,0,0,1
872,Chin (John Yehall) ES,2,CB,,0,0,1,0,1,0,0,0,0,0
872,Chin (John Yehall) ES,3,GE,,1,1,0,0,1,0,0,0,0,1
872,Chin (John Yehall) ES,4,GE,,3,0,0,1,0,0,0,0,0,0
872,Chin (John Yehall) ES,5,GE,,2,0,0,0,0,0,0,0,0,1
509,Chinese Immersion School at DeAvila ES,K,CE,,44,48,25,23,36,18,18,17,9,50
509,Chinese Immersion School at DeAvila ES,K,CN,,42,14,11,10,4,7,4,2,1,8
509,Chinese Immersion School at DeAvila ES,1,CE,,2,9,3,2,0,1,1,1,0,1
509,Chinese Immersion School at DeAvila ES,1,CN,,1,2,0,0,0,0,0,0,0,0
509,Chinese Immersion School at DeAvila ES,2,CN,,1,0,0,0,0,1,0,0,0,0
509,Chinese Immersion School at DeAvila ES,3,CN,,0,0,0,0,0,0,0,0,0,0
509,Chinese Immersion School at DeAvila ES,4,CN,,0,0,0,0,0,0,0,0,0,0
509,Chinese Immersion School at DeAvila ES,5,CN,,1,0,1,1,0,0,0,0,0,0
478,Clarendon ES,K,GE,,87,130,104,109,74,59,41,31,20,103
478,Clarendon ES,K,JE,,62,58,49,39,30,19,14,5,8,44
478,Clarendon ES,K,JN,,12,3,3,1,0,0,0,0,0,1
478,Clarendon ES,K,MM,,1,3,0,1,0,0,0,0,0,2
478,Clarendon ES,1,GE,,7,11,10,8,5,0,2,2,1,7
478,Clarendon ES,1,JB,,9,5,2,1,1,1,1,0,0,2
478,Clarendon ES,1,MM,,0,0,1,0,0,0,0,0,0,0
478,Clarendon ES,2,GE,,2,8,4,4,4,1,1,2,0,0
478,Clarendon ES,2,JB,,6,2,1,0,1,0,0,0,0,0
478,Clarendon ES,2,MM,,0,0,0,0,0,0,0,0,0,0
478,Clarendon ES,3,GE,,5,6,3,0,3,2,0,2,2,1
478,Clarendon ES,3,JB,,3,4,2,0,0,1,0,0,0,0
478,Clarendon ES,3,MM,,1,1,0,0,0,0,0,0,0,0
478,Clarendon ES,4,GE,,3,1,7,4,1,1,0,0,0,1
478,Clarendon ES,4,JB,,1,4,1,0,0,0,0,0,0,0
478,Clarendon ES,4,MM,,1,0,0,0,0,0,0,0,0,0
478,Clarendon ES,5,GE,,4,3,2,1,2,1,0,0,0,0
478,Clarendon ES,5,JB,,1,1,1,0,0,0,0,0,0,0
478,Clarendon ES,5,MM,,0,0,0,0,0,1,0,0,0,0
481,Cleveland ES,K,GE,,10,13,17,6,10,2,0,1,0,23
481,Cleveland ES,K,SB,,17,9,10,9,3,1,1,0,0,1
481,Cleveland ES,1,GE,,0,0,0,0,0,0,0,0,0,2
481,Cleveland ES,1,SB,,1,0,0,0,0,0,0,0,0,0
481,Cleveland ES,2,GE,,0,0,0,1,1,0,0,0,0,0
481,Cleveland ES,2,SB,,0,0,0,0,0,0,0,0,0,0
481,Cleveland ES,3,GE,,0,1,0,0,0,0,0,0,0,1
481,Cleveland ES,3,SB,,0,0,0,0,0,0,0,0,0,0
481,Cleveland ES,4,GE,,0,0,0,0,0,0,0,0,0,0
481,Cleveland ES,4,SB,,1,0,0,0,0,0,0,0,0,0
481,Cleveland ES,5,GE,,0,0,0,0,0,0,0,0,0,1
481,Cleveland ES,5,SB,,0,1,0,0,0,0,0,0,0,0
525,Cobb (Dr William L) ES,TK,GE,,9,11,22,14,19,3,4,0,0,13
525,Cobb (Dr William L) ES,K,GE,,17,13,14,10,11,6,6,6,3,34
525,Cobb (Dr William L) ES,1,GE,,1,1,2,1,1,0,1,0,0,1
525,Cobb (Dr William L) ES,2,GE,,0,2,0,0,0,0,1,0,0,2
525,Cobb (Dr William L) ES,3,GE,,0,0,1,0,0,0,1,0,0,1
525,Cobb (Dr William L) ES,4,GE,,2,0,0,0,0,0,0,0,0,0
525,Cobb (Dr William L) ES,5,GE,,0,0,0,0,1,0,0,0,0,0
632,Denman (James) MS,6,GE,,223,106,74,65,47,12,9,7,3,18
632,Denman (James) MS,6,AF,,5,2,0,0,1,0,0,0,0,0
632,Denman (James) MS,6,ED,,0,0,0,0,0,0,0,0,0,0
632,Denman (James) MS,6,MM,,2,1,1,1,0,1,0,0,0,0
632,Denman (James) MS,6,MS,,2,0,4,2,0,0,0,0,0,0
632,Denman (James) MS,7,GE,,4,3,0,3,0,0,0,1,0,0
632,Denman (James) MS,7,AF,,0,0,0,0,0,0,0,0,0,0
632,Denman (James) MS,7,ED,,0,0,0,0,0,0,0,0,0,0
632,Denman (James) MS,7,MM,,1,1,0,0,0,0,0,0,0,0
632,Denman (James) MS,7,MS,,0,0,1,0,0,0,0,0,0,0
632,Denman (James) MS,8,GE,,3,0,0,0,1,0,0,0,0,0
632,Denman (James) MS,8,AF,,0,0,0,0,0,0,0,0,0,0
632,Denman (James) MS,8,ED,,0,0,0,0,0,0,0,0,0,0
632,Denman (James) MS,8,MM,,0,0,0,0,0,0,0,0,0,0
632,Denman (James) MS,8,MS,,0,0,0,0,0,0,0,0,0,0
507,Drew (Dr Charles) College Preparatory Academy ES,TK,GE,,16,4,10,1,5,1,0,1,0,5
507,Drew (Dr Charles) College Preparatory Academy ES,K,GE,,33,10,8,6,5,1,0,0,0,12
507,Drew (Dr Charles) College Preparatory Academy ES,1,GE,,2,0,0,0,0,0,0,0,0,1
507,Drew (Dr Charles) College Preparatory Academy ES,2,GE,,0,0,4,0,1,0,0,0,0,0
507,Drew (Dr Charles) College Preparatory Academy ES,3,GE,,1,0,0,0,0,0,0,0,0,1
507,Drew (Dr Charles) College Preparatory Academy ES,4,GE,,0,0,0,0,0,0,0,0,0,0
507,Drew (Dr Charles) College Preparatory Academy ES,5,GE,,0,0,1,0,0,0,0,0,0,1
521,El Dorado ES,TK,GE,,7,9,8,0,6,0,3,0,1,9
521,El Dorado ES,TK,AF,,0,0,0,0,0,0,0,0,0,0
521,El Dorado ES,K,GE,,20,18,10,7,7,1,2,0,1,20
521,El Dorado ES,K,AF,,3,5,0,1,1,0,0,0,0,0
521,El Dorado ES,1,GE,,0,0,0,0,0,0,0,0,0,1
521,El Dorado ES,1,AF,,0,0,0,0,0,0,0,0,0,0
521,El Dorado ES,2,GE,,1,0,0,1,0,0,0,0,0,0
521,El Dorado ES,2,AF,,0,0,0,0,0,0,0,0,0,0
521,El Dorado ES,3,GE,,1,0,0,0,1,0,0,0,0,1
521,El Dorado ES,3,AF,,0,0,0,0,0,0,0,0,0,0
521,El Dorado ES,3,ED,,0,0,0,0,0,0,0,0,0,0
521,El Dorado ES,4,GE,,1,0,0,0,0,0,0,0,0,0
521,El Dorado ES,4,AF,,0,0,0,0,0,0,0,0,0,0
521,El Dorado ES,4,ED,,0,0,0,0,0,0,0,0,0,0
521,El Dorado ES,5,GE,,0,0,0,0,0,0,0,0,0,0
521,El Dorado ES,5,ED,,0,0,0,0,0,0,0,0,0,0
521,El Dorado ES,PK,MS,,0,0,0,0,0,0,0,0,0,0
529,Everett MS,6,GE,,30,72,61,25,41,11,4,3,4,23
529,Everett MS,6,AF,,0,1,2,1,0,0,0,0,0,0
529,Everett MS,6,MM,,1,4,0,0,1,0,0,0,0,0
529,Everett MS,6,MS,,0,0,0,1,0,0,0,0,0,0
529,Everett MS,6,NX,,7,1,0,0,0,0,0,0,0,0
529,Everett MS,6,SN,,33,35,24,6,6,2,1,1,0,0
529,Everett MS,7,GE,,1,0,4,0,1,0,1,0,0,0
529,Everett MS,7,AF,,0,0,0,0,0,0,0,0,0,0
529,Everett MS,7,MM,,0,0,0,0,0,0,0,0,0,0
529,Everett MS,7,MS,,0,0,0,0,0,0,0,0,0,0
529,Everett MS,7,NX,,0,1,0,0,0,0,0,0,0,0
529,Everett MS,7,SN,,0,0,0,0,0,0,0,0,0,0
529,Everett MS,8,GE,,2,0,0,1,0,0,0,0,0,0
529,Everett MS,8,AF,,0,0,0,0,0,0,0,0,0,0
529,Everett MS,8,MM,,0,0,0,0,0,0,0,0,0,0
529,Everett MS,8,MS,,0,0,0,0,0,0,0,0,0,0
529,Everett MS,8,NX,,0,0,0,0,0,0,0,0,0,0
529,Everett MS,8,SN,,0,0,0,0,0,0,0,0,0,0
539,Feinstein (Dianne) ES,TK,GE,,41,59,58,64,36,9,13,2,2,8
539,Feinstein (Dianne) ES,K,GE,,48,30,51,61,50,39,33,27,25,150
539,Feinstein (Dianne) ES,K,ED,,0,0,0,0,0,0,0,0,0,0
539,Feinstein (Dianne) ES,1,GE,,1,2,0,1,2,1,2,3,1,4
539,Feinstein (Dianne) ES,1,ED,,0,0,0,0,0,0,0,0,0,0
539,Feinstein (Dianne) ES,2,GE,,2,1,1,1,2,0,0,0,0,3
539,Feinstein (Dianne) ES,2,ED,,0,0,0,0,0,0,0,0,0,0
539,Feinstein (Dianne) ES,3,GE,,2,1,0,0,1,0,0,0,1,1
539,Feinstein (Dianne) ES,3,ED,,0,0,0,0,0,0,0,0,0,0
539,Feinstein (Dianne) ES,4,GE,,1,0,1,1,2,0,0,0,1,1
539,Feinstein (Dianne) ES,4,ED,,0,0,0,0,0,0,0,0,0,0
539,Feinstein (Dianne) ES,5,GE,,1,0,0,1,3,2,0,1,1,1
539,Feinstein (Dianne) ES,5,ED,,0,0,0,0,0,0,0,0,0,0
680,Flynn (Leonard R) ES,TK,GE,,27,35,28,12,9,8,6,4,2,12
680,Flynn (Leonard R) ES,K,GE,,10,30,9,11,10,5,6,8,5,35
680,Flynn (Leonard R) ES,K,ED,,0,0,0,0,0,0,0,0,0,0
680,Flynn (Leonard R) ES,K,SE,,17,8,19,16,15,5,3,7,4,30
680,Flynn (Leonard R) ES,K,SN,,18,12,14,15,2,7,4,1,3,2
680,Flynn (Leonard R) ES,1,GE,,1,0,0,0,0,1,1,0,1,1
680,Flynn (Leonard R) ES,1,ED,,0,0,0,0,0,0,0,0,0,0
680,Flynn (Leonard R) ES,1,SE,,0,1,0,1,0,0,0,2,0,1
680,Flynn (Leonard R) ES,1,SN,,0,0,0,1,1,0,0,0,0,0
680,Flynn (Leonard R) ES,2,GE,,1,1,0,0,1,0,0,0,0,1
680,Flynn (Leonard R) ES,2,ED,,0,0,0,0,0,0,0,0,0,0
680,Flynn (Leonard R) ES,2,SN,,0,0,1,0,0,0,0,0,0,0
680,Flynn (Leonard R) ES,3,GE,,0,0,0,0,0,0,1,0,1,1
680,Flynn (Leonard R) ES,3,ED,,0,0,0,0,0,0,0,0,0,0
680,Flynn (Leonard R) ES,3,SN,,0,0,0,0,0,0,0,0,0,0
680,Flynn (Leonard R) ES,4,GE,,0,0,0,0,0,0,0,0,0,0
680,Flynn (Leonard R) ES,4,ED,,0,0,0,0,0,0,0,0,0,0
680,Flynn (Leonard R) ES,4,SN,,0,0,2,0,0,0,0,0,0,0
680,Flynn (Leonard R) ES,5,GE,,0,1,0,0,1,0,0,0,0,0
680,Flynn (Leonard R) ES,5,ED,,0,0,0,0,0,0,0,0,0,0
680,Flynn (Leonard R) ES,5,SN,,0,0,0,1,0,0,0,0,0,0
546,Francisco MS,6,GE,,135,91,68,54,35,8,7,4,6,21
546,Francisco MS,6,ED,,0,1,0,0,0,0,0,0,0,0
546,Francisco MS,6,MM,,2,3,1,0,0,0,0,0,0,0
546,Francisco MS,6,NX,,7,1,1,1,0,1,0,0,0,0
546,Francisco MS,6,SA,,2,0,1,1,0,0,0,0,0,0
546,Francisco MS,7,GE,,5,4,1,0,0,1,0,0,0,0
546,Francisco MS,7,ED,,0,0,0,0,0,0,0,0,0,0
546,Francisco MS,7,MM,,0,0,0,0,0,0,0,0,0,0
546,Francisco MS,7,NX,,0,1,1,0,0,0,0,0,0,0
546,Francisco MS,7,SA,,0,0,0,0,0,0,0,0,0,0
546,Francisco MS,8,GE,,0,0,0,0,0,0,0,0,0,0
546,Francisco MS,8,ED,,0,0,0,0,0,0,0,0,0,0
546,Francisco MS,8,MM,,0,0,0,0,0,0,0,0,0,0
546,Francisco MS,8,NX,,0,0,0,0,0,0,0,0,0,0
546,Francisco MS,8,SA,,0,0,0,1,0,0,0,0,0,0
559,Galileo HS,9,GE,,302,239,359,296,193,49,13,4,1,1
559,Galileo HS,9,ED,,3,1,1,0,1,0,0,0,0,0
559,Galileo HS,9,MM,,8,2,6,1,2,0,0,0,0,0
559,Galileo HS,9,MS,,1,0,2,0,1,0,0,0,0,0
559,Galileo HS,9,NX,,11,10,6,4,4,0,0,0,0,0
559,Galileo HS,9,SF,,0,0,0,0,0,0,0,0,0,0
559,Galileo HS,10,GE,,5,6,8,9,2,1,0,0,0,0
559,Galileo HS,10,ED,,0,0,0,0,0,0,0,0,0,0
559,Galileo HS,10,MM,,0,0,0,0,0,0,0,0,0,0
559,Galileo HS,10,MS,,0,1,0,0,0,0,0,0,0,0
559,Galileo HS,10,NX,,2,0,0,0,0,0,0,0,0,0
559,Galileo HS,10,SF,,0,0,0,0,0,0,0,0,0,0
559,Galileo HS,11,GE,,3,9,6,3,3,1,0,0,0,0
559,Galileo HS,11,ED,,0,0,0,0,0,0,0,0,0,0
559,Galileo HS,11,MM,,0,0,0,0,0,0,0,0,0,0
559,Galileo HS,11,MS,,0,0,0,0,0,0,0,0,0,0
559,Galileo HS,11,NX,,1,0,2,0,0,0,0,0,0,0
559,Galileo HS,11,SF,,0,0,0,0,0,0,0,0,0,0
559,Galileo HS,12,GE,,3,1,1,1,1,0,0,0,0,0
559,Galileo HS,12,ED,,0,0,0,0,0,0,0,0,0,0
559,Galileo HS,12,MM,,0,0,0,0,0,0,0,0,0,0
559,Galileo HS,12,MS,,0,0,0,0,0,0,0,0,0,0
559,Galileo HS,12,NX,,0,1,0,0,0,0,0,0,0,0
559,Galileo HS,13,CA,,4,2,2,3,2,0,0,0,0,0
562,Garfield ES,K,GE,,10,8,17,15,10,6,9,1,2,24
562,Garfield ES,K,AF,,2,2,3,3,0,0,0,0,0,0
562,Garfield ES,K,CE,,6,4,8,5,3,7,0,2,1,14
562,Garfield ES,K,CN,,1,2,0,2,1,3,1,0,2,1
562,Garfield ES,1,GE,,0,1,1,1,1,0,0,0,0,1
562,Garfield ES,1,AF,,0,0,0,0,0,0,0,0,0,0
562,Garfield ES,1,CE,,0,0,1,1,1,0,0,0,0,1
562,Garfield ES,1,CN,,0,0,2,0,0,0,0,0,0,1
562,Garfield ES,2,GE,,0,0,0,0,0,0,0,0,0,1
562,Garfield ES,2,AF,,0,0,0,0,0,0,0,0,0,0
562,Garfield ES,2,CN,,0,0,0,0,0,0,0,0,0,0
562,Garfield ES,3,GE,,0,0,0,0,0,0,0,0,0,1
562,Garfield ES,3,AF,,0,0,0,0,0,0,0,0,0,0
562,Garfield ES,3,CN,,0,1,0,0,0,0,0,0,0,0
562,Garfield ES,4,GE,,1,0,0,1,0,0,0,0,0,0
562,Garfield ES,4,AF,,0,0,0,0,0,0,0,0,0,0
562,Garfield ES,4,CN,,0,1,0,0,0,0,0,0,0,0
562,Garfield ES,5,GE,,0,0,1,0,0,0,0,0,0,1
562,Garfield ES,5,AF,,0,0,0,0,0,0,0,0,0,0
562,Garfield ES,5,CN,,0,0,0,0,0,0,0,0,0,0
404,Giannini (A.P.) MS,6,GE,,608,291,287,143,102,20,10,4,2,2
404,Giannini (A.P.) MS,6,AF,,8,2,1,2,1,0,0,0,0,0
404,Giannini (A.P.) MS,6,MM,,6,0,3,1,1,1,0,0,0,0
404,Giannini (A.P.) MS,6,MS,,1,4,2,1,0,1,0,0,0,0
404,Giannini (A.P.) MS,6,SA,,5,3,0,0,0,0,0,0,0,0
404,Giannini (A.P.) MS,7,GE,,26,11,15,1,3,0,0,1,0,0
404,Giannini (A.P.) MS,7,AF,,0,0,0,0,0,0,0,0,0,0
404,Giannini (A.P.) MS,7,MM,,0,0,1,0,0,0,0,0,0,0
404,Giannini (A.P.) MS,7,MS,,0,0,0,0,0,0,0,0,0,0
404,Giannini (A.P.) MS,7,SA,,0,0,0,0,0,0,0,0,0,0
404,Giannini (A.P.) MS,8,GE,,14,4,4,3,2,1,0,0,0,0
404,Giannini (A.P.) MS,8,AF,,1,0,0,0,0,0,0,0,0,0
404,Giannini (A.P.) MS,8,MM,,0,0,0,0,0,0,0,0,0,0
404,Giannini (A.P.) MS,8,MS,,0,0,0,0,0,0,0,0,0,0
404,Giannini (A.P.) MS,8,SA,,1,0,0,0,0,0,0,0,0,0
575,Glen Park ES,K,GE,,33,27,38,43,32,21,23,21,15,85
575,Glen Park ES,K,SA,,4,6,2,3,1,0,0,0,0,0
575,Glen Park ES,K,SB,,12,3,6,7,6,1,1,2,2,0
575,Glen Park ES,1,GE,,0,1,0,1,3,3,1,1,0,3
575,Glen Park ES,1,SA,,0,0,0,1,0,0,0,0,0,0
575,Glen Park ES,1,SB,,1,0,0,0,0,0,0,0,0,0
575,Glen Park ES,2,GE,,2,1,1,0,1,1,0,1,0,3
575,Glen Park ES,2,SA,,0,0,0,0,0,0,0,0,0,0
575,Glen Park ES,2,SB,,0,0,0,0,1,0,0,0,0,0
575,Glen Park ES,3,GE,,1,0,0,3,1,0,1,0,0,2
575,Glen Park ES,3,SA,,0,1,0,0,0,0,0,0,0,0
575,Glen Park ES,3,SB,,0,0,0,0,0,0,0,0,0,0
575,Glen Park ES,4,GE,,1,0,0,0,3,0,0,0,0,0
575,Glen Park ES,4,SA,,0,0,0,0,0,0,0,0,0,0
575,Glen Park ES,4,SB,,0,1,0,0,0,0,0,0,0,0
575,Glen Park ES,5,GE,,1,1,0,1,0,0,1,0,0,1
575,Glen Park ES,5,SA,,0,0,0,0,0,0,0,0,0,0
575,Glen Park ES,5,SB,,0,0,0,0,0,0,0,0,0,0
589,Grattan ES,K,GE,,61,48,55,41,48,45,30,32,27,120
589,Grattan ES,K,SA,,2,4,3,3,0,0,0,0,0,0
589,Grattan ES,1,GE,,4,3,4,5,3,5,0,3,0,1
589,Grattan ES,1,SA,,1,0,0,0,0,0,0,0,0,0
589,Grattan ES,2,GE,,4,2,2,3,2,1,4,1,0,0
589,Grattan ES,2,SA,,0,0,0,0,0,0,0,0,0,0
589,Grattan ES,3,GE,,2,1,2,7,0,2,2,2,0,1
589,Grattan ES,3,SA,,1,0,0,0,0,0,0,0,0,0
589,Grattan ES,4,GE,,3,0,3,2,1,0,1,0,1,1
589,Grattan ES,4,SA,,0,0,0,0,0,0,0,0,0,0
589,Grattan ES,5,GE,,1,3,2,6,1,0,0,1,0,1
589,Grattan ES,5,SA,,0,0,0,0,0,0,0,0,0,0
593,Guadalupe ES,TK,GE,,11,7,4,7,8,5,1,2,0,10
593,Guadalupe ES,K,GE,,15,11,7,9,6,0,1,1,1,19
593,Guadalupe ES,K,SB,,13,11,8,1,3,1,0,0,1,3
593,Guadalupe ES,1,GE,,0,0,0,0,0,0,0,0,0,1
593,Guadalupe ES,1,SB,,0,0,0,0,0,0,0,0,0,0
593,Guadalupe ES,2,GE,,0,0,1,0,0,1,0,0,0,0
593,Guadalupe ES,2,SB,,0,0,0,0,0,0,0,0,0,0
593,Guadalupe ES,3,GE,,0,1,0,0,0,0,0,0,0,1
593,Guadalupe ES,3,SB,,0,0,0,0,0,0,0,0,0,0
593,Guadalupe ES,4,GE,,0,0,2,0,0,0,0,0,0,0
593,Guadalupe ES,5,GE,,0,0,0,1,0,1,0,0,0,1
453,Harte (Bret) ES,TK,GE,,10,6,4,4,4,0,1,0,0,5
453,Harte (Bret) ES,K,GE,,17,11,7,1,4,0,0,0,0,8
453,Harte (Bret) ES,K,SE,,7,3,0,2,1,0,1,0,0,7
453,Harte (Bret) ES,K,SN,,16,8,1,5,1,1,0,0,0,1
453,Harte (Bret) ES,1,GE,,0,0,1,0,0,0,0,0,0,0
453,Harte (Bret) ES,1,SE,,0,0,0,0,0,0,0,0,0,1
453,Harte (Bret) ES,1,SN,,0,0,0,0,0,0,0,0,0,0
453,Harte (Bret) ES,2,GE,,0,0,0,0,1,0,0,0,0,0
453,Harte (Bret) ES,2,SN,,1,0,0,0,0,0,0,0,0,0
453,Harte (Bret) ES,3,GE,,0,0,0,0,0,0,0,0,0,1
453,Harte (Bret) ES,3,SN,,0,0,0,0,0,0,0,0,0,0
453,Harte (Bret) ES,4,GE,,0,0,0,0,0,0,0,0,0,0
453,Harte (Bret) ES,4,SN,,0,0,0,1,0,0,0,0,0,0
453,Harte (Bret) ES,5,GE,,0,0,0,0,0,0,0,0,0,1
453,Harte (Bret) ES,5,SN,,1,0,0,0,0,0,0,0,0,0
614,Hillcrest ES,TK,GE,,16,18,11,9,5,7,3,6,0,13
614,Hillcrest ES,K,GE,,18,19,8,13,11,5,5,3,4,35
614,Hillcrest ES,K,CB,,0,0,1,0,0,0,0,0,0,0
614,Hillcrest ES,K,MM,,0,1,2,1,0,0,0,0,0,2
614,Hillcrest ES,K,SB,,18,9,15,8,1,3,0,2,0,2
614,Hillcrest ES,1,GE,,0,1,0,0,0,0,0,2,0,2
614,Hillcrest ES,1,CB,,0,0,0,0,0,0,0,0,0,0
614,Hillcrest ES,1,MM,,0,0,0,0,0,0,0,0,0,0
614,Hillcrest ES,1,SB,,0,0,0,0,0,0,0,0,0,0
614,Hillcrest ES,2,GE,,0,3,0,0,0,0,0,0,0,1
614,Hillcrest ES,2,CB,,0,0,0,0,0,0,0,0,0,0
614,Hillcrest ES,2,MM,,0,0,0,0,0,0,0,0,0,0
614,Hillcrest ES,2,SB,,1,0,0,1,0,0,0,0,0,0
614,Hillcrest ES,3,GE,,0,0,0,0,0,0,0,0,0,2
614,Hillcrest ES,3,CB,,0,0,0,0,0,0,0,0,0,0
614,Hillcrest ES,3,MM,,1,0,0,0,0,0,0,0,0,0
614,Hillcrest ES,3,SB,,0,0,0,0,0,0,0,0,0,0
614,Hillcrest ES,4,GE,,0,1,0,0,0,0,0,0,0,0
614,Hillcrest ES,4,MM,,0,0,0,0,0,0,0,0,0,0
614,Hillcrest ES,4,SB,,2,0,0,0,0,0,0,0,1,0
614,Hillcrest ES,5,GE,,0,1,0,0,0,0,0,0,0,1
614,Hillcrest ES,5,MM,,0,0,0,0,0,0,0,0,0,0
614,Hillcrest ES,5,SB,,1,0,0,0,0,0,0,0,0,0
607,Hoover (Herbert) MS,6,GE,,209,300,245,169,111,37,17,11,3,4
607,Hoover (Herbert) MS,6,CN,,47,32,13,10,1,2,0,1,2,0
607,Hoover (Herbert) MS,6,ED,,0,0,1,0,1,0,0,0,0,0
607,Hoover (Herbert) MS,6,MM,,0,1,2,1,2,0,0,0,0,0
607,Hoover (Herbert) MS,6,SN,,51,34,24,6,7,0,1,0,0,0
607,Hoover (Herbert) MS,7,GE,,6,6,10,9,1,1,0,0,0,0
607,Hoover (Herbert) MS,7,CN,,0,0,0,0,1,0,0,0,0,0
607,Hoover (Herbert) MS,7,ED,,0,0,0,0,0,0,0,0,0,0
607,Hoover (Herbert) MS,7,MM,,0,0,0,0,0,0,0,0,0,0
607,Hoover (Herbert) MS,7,SN,,1,1,0,0,0,0,0,0,0,0
607,Hoover (Herbert) MS,8,GE,,1,3,3,0,0,1,0,0,0,0
607,Hoover (Herbert) MS,8,CN,,0,0,0,0,0,0,0,0,0,0
607,Hoover (Herbert) MS,8,ED,,0,0,0,0,0,0,0,0,0,0
607,Hoover (Herbert) MS,8,MM,,0,0,0,0,0,0,0,0,0,0
607,Hoover (Herbert) MS,8,SN,,0,0,0,0,0,0,0,0,0,0
537,Huerta (Dolores) ES,TK,MS,,3,4,0,0,0,0,0,0,0,0
537,Huerta (Dolores) ES,K,MS,,1,1,1,1,0,0,0,0,0,0
537,Huerta (Dolores) ES,K,SE,,58,26,32,16,23,12,5,10,7,33
537,Huerta (Dolores) ES,K,SN,,37,24,20,9,9,1,8,1,0,3
537,Huerta (Dolores) ES,1,MS,,0,0,0,0,0,0,0,0,0,0
537,Huerta (Dolores) ES,1,SE,,3,2,1,1,0,0,1,0,1,1
537,Huerta (Dolores) ES,1,SN,,2,1,1,0,0,0,0,0,0,0
537,Huerta (Dolores) ES,2,MS,,0,0,0,0,0,0,0,0,0,0
537,Huerta (Dolores) ES,2,SN,,0,1,0,0,1,0,0,0,0,0
537,Huerta (Dolores) ES,3,MS,,0,0,0,0,0,0,0,0,0,0
537,Huerta (Dolores) ES,3,SN,,1,1,0,0,0,0,0,0,0,0
537,Huerta (Dolores) ES,4,MS,,0,0,0,0,0,0,0,0,0,0
537,Huerta (Dolores) ES,4,SN,,2,3,0,1,0,0,0,0,0,0
537,Huerta (Dolores) ES,5,MS,,0,0,0,0,0,0,0,0,0,0
537,Huerta (Dolores) ES,5,SN,,2,0,0,1,0,0,0,0,0,0
466,Independence HS,9,GE,,0,0,0,0,0,0,0,0,0,0
466,Independence HS,10,GE,,0,0,0,0,0,0,0,0,0,0
466,Independence HS,11,GE,,0,0,0,0,0,0,0,0,0,0
466,Independence HS,12,GE,,0,0,0,0,0,0,0,0,0,0
644,Jefferson ES,K,GE,,51,33,54,63,72,52,47,42,35,142
644,Jefferson ES,K,AF,,2,3,4,0,1,1,0,0,1,0
644,Jefferson ES,1,GE,,3,1,1,3,3,4,2,0,1,7
644,Jefferson ES,1,AF,,0,1,0,0,0,0,0,0,0,0
644,Jefferson ES,2,GE,,3,1,3,3,2,1,0,1,1,4
644,Jefferson ES,2,AF,,0,0,0,0,0,0,0,0,0,0
644,Jefferson ES,3,GE,,1,0,1,1,2,2,2,1,0,1
644,Jefferson ES,3,AF,,0,0,0,0,0,0,0,0,0,0
644,Jefferson ES,4,GE,,1,1,0,2,0,0,0,0,0,3
644,Jefferson ES,4,AF,,1,0,0,0,0,0,0,0,0,0
644,Jefferson ES,5,GE,,1,2,1,2,0,1,1,1,0,0
644,Jefferson ES,5,AF,,0,0,0,0,0,0,0,0,0,0
757,Jordan (June) HS,9,GE,,37,50,38,34,35,10,4,6,5,10
757,Jordan (June) HS,9,MM,,0,1,0,0,1,0,0,0,0,0
757,Jordan (June) HS,9,MS,,0,0,0,0,0,0,0,0,0,0
757,Jordan (June) HS,10,GE,,0,1,0,0,1,0,0,0,0,0
757,Jordan (June) HS,10,MM,,0,0,0,0,0,0,0,0,0,0
757,Jordan (June) HS,10,MS,,0,0,0,0,0,0,0,0,0,0
757,Jordan (June) HS,11,GE,,1,0,1,0,1,0,0,0,0,0
757,Jordan (June) HS,11,MM,,0,0,0,0,0,0,0,0,0,0
757,Jordan (June) HS,11,MS,,0,0,0,0,0,0,0,0,0,0
757,Jordan (June) HS,12,GE,,0,1,0,0,0,0,0,0,0,0
757,Jordan (June) HS,12,MM,,0,0,0,0,0,0,0,0,0,0
757,Jordan (June) HS,12,MS,,0,0,0,0,0,0,0,0,0,0
544,Key (Francis Scott) ES,TK,GE,,39,38,38,45,29,18,10,5,3,7
544,Key (Francis Scott) ES,K,GE,,78,53,55,50,64,32,39,26,21,122
544,Key (Francis Scott) ES,K,MS,,1,1,1,1,0,0,0,0,0,0
544,Key (Francis Scott) ES,1,GE,,1,2,5,5,1,2,0,0,0,6
544,Key (Francis Scott) ES,1,MS,,0,0,0,0,0,0,0,0,0,0
544,Key (Francis Scott) ES,2,GE,,4,3,3,0,1,0,0,0,1,0
544,Key (Francis Scott) ES,2,MS,,0,0,0,0,0,0,0,0,0,0
544,Key (Francis Scott) ES,3,GE,,2,4,4,2,0,2,0,0,1,1
544,Key (Francis Scott) ES,3,MM,,0,0,0,0,0,0,0,0,0,0
544,Key (Francis Scott) ES,3,MS,,0,0,0,0,0,0,0,0,0,0
544,Key (Francis Scott) ES,4,GE,,1,1,1,4,1,0,0,0,0,1
544,Key (Francis Scott) ES,4,MM,,0,0,0,0,0,0,0,0,0,0
544,Key (Francis Scott) ES,4,MS,,0,0,0,0,0,0,0,0,0,0
544,Key (Francis Scott) ES,5,GE,,1,2,4,3,1,1,0,0,1,1
544,Key (Francis Scott) ES,5,MM,,0,0,0,0,0,0,0,0,0,0
544,Key (Francis Scott) ES,5,MS,,0,0,0,0,0,0,0,0,0,0
838,King (Thomas Starr) ES,TK,GE,,22,5,9,12,8,6,6,3,4,10
838,King (Thomas Starr) ES,K,GE,,3,9,9,8,6,3,1,3,0,24
838,King (Thomas Starr) ES,K,ME,,23,16,12,7,7,5,8,4,2,20
838,King (Thomas Starr) ES,K,MN,,14,13,11,1,2,2,2,0,1,6
838,King (Thomas Starr) ES,K,SA,,1,2,3,2,1,0,0,0,0,0
838,King (Thomas Starr) ES,1,GE,,0,1,1,0,0,0,0,0,0,2
838,King (Thomas Starr) ES,1,ME,,2,4,1,2,0,1,0,0,0,2
838,King (Thomas Starr) ES,1,MN,,1,1,0,0,0,1,0,0,0,0
838,King (Thomas Starr) ES,1,SA,,0,0,0,0,0,0,0,0,0,0
838,King (Thomas Starr) ES,2,GE,,0,0,0,0,0,0,0,0,0,0
838,King (Thomas Starr) ES,2,MN,,0,0,0,0,0,0,0,0,0,0
838,King (Thomas Starr) ES,2,SA,,0,0,0,0,0,0,0,0,0,0
838,King (Thomas Starr) ES,3,GE,,2,0,0,0,0,0,0,0,0,1
838,King (Thomas Starr) ES,3,MN,,0,0,0,0,0,0,0,0,0,1
838,King (Thomas Starr) ES,3,SA,,1,0,0,0,0,0,0,0,0,0
838,King (Thomas Starr) ES,4,GE,,0,0,0,0,0,0,0,0,0,0
838,King (Thomas Starr) ES,4,MN,,0,0,0,0,0,0,0,0,0,0
838,King (Thomas Starr) ES,4,SA,,0,0,0,0,0,0,0,0,0,0
838,King (Thomas Starr) ES,5,GE,,0,0,0,0,0,0,0,0,0,1
838,King (Thomas Starr) ES,5,MN,,0,0,1,0,0,0,0,0,0,0
838,King (Thomas Starr) ES,5,SA,,0,0,0,0,0,0,0,0,0,0
710,King Jr (Dr Martin L) MS,6,GE,,103,61,37,19,20,2,2,1,1,20
710,King Jr (Dr Martin L) MS,6,MM,,0,2,3,1,0,0,0,0,0,0
710,King Jr (Dr Martin L) MS,7,GE,,2,2,1,0,0,0,0,0,0,0
710,King Jr (Dr Martin L) MS,7,MM,,0,0,0,0,0,0,0,0,0,0
710,King Jr (Dr Martin L) MS,8,GE,,1,0,0,0,0,0,0,0,0,0
710,King Jr (Dr Martin L) MS,8,MM,,0,0,0,0,0,0,0,0,0,0
664,Lafayette ES,TK,AO,,0,0,0,1,0,0,0,0,0,0
664,Lafayette ES,K,GE,,65,32,54,42,47,45,19,16,13,121
664,Lafayette ES,K,AO,,0,0,0,0,0,0,0,0,0,0
664,Lafayette ES,1,GE,,2,2,0,1,2,1,0,0,2,6
664,Lafayette ES,1,AO,,0,0,0,0,0,0,0,0,0,0
664,Lafayette ES,2,GE,,4,2,2,2,4,0,1,1,0,2
664,Lafayette ES,2,AO,,0,0,0,0,0,0,0,0,0,0
664,Lafayette ES,3,GE,,6,3,1,2,0,0,0,2,0,0
664,Lafayette ES,3,AO,,0,0,0,0,0,0,0,0,0,0
664,Lafayette ES,4,GE,,6,0,1,0,1,2,1,0,0,1
664,Lafayette ES,4,AO,,0,0,0,0,0,0,0,0,0,0
664,Lafayette ES,5,GE,,3,2,2,0,2,0,0,2,0,1
664,Lafayette ES,5,AO,,0,0,0,0,0,0,0,0,0,0
670,Lakeshore ES,TK,GE,,24,25,36,28,34,14,6,12,3,18
670,Lakeshore ES,K,GE,,50,18,22,23,23,17,12,9,13,97
670,Lakeshore ES,K,AF,,4,5,2,1,1,0,0,1,0,1
670,Lakeshore ES,1,GE,,1,0,1,1,1,0,0,0,1,5
670,Lakeshore ES,1,AF,,1,0,0,0,0,0,0,0,0,0
670,Lakeshore ES,2,GE,,2,0,1,2,0,0,0,0,0,1
670,Lakeshore ES,2,AF,,0,0,0,0,0,0,0,0,0,0
670,Lakeshore ES,3,GE,,4,2,1,0,0,0,1,0,0,2
670,Lakeshore ES,3,AF,,0,0,0,0,0,0,0,0,0,0
670,Lakeshore ES,4,GE,,0,1,0,0,0,0,0,0,0,0
670,Lakeshore ES,4,AF,,0,0,0,0,0,0,0,0,0,0
670,Lakeshore ES,5,GE,,2,1,0,0,0,0,0,0,0,1
670,Lakeshore ES,5,AF,,0,0,0,0,0,0,0,0,0,0
490,Lau (Gordon J) ES,TK,GE,,20,20,11,7,10,2,2,3,0,10
490,Lau (Gordon J) ES,K,GE,,24,57,16,21,15,4,3,1,2,23
490,Lau (Gordon J) ES,K,CB,,55,9,10,3,9,1,1,1,0,4
490,Lau (Gordon J) ES,1,GE,,0,1,0,0,2,0,0,0,0,2
490,Lau (Gordon J) ES,1,CB,,2,0,0,0,0,0,1,0,0,0
490,Lau (Gordon J) ES,2,GE,,0,1,1,0,0,0,0,0,0,0
490,Lau (Gordon J) ES,2,CB,,2,0,0,0,0,0,0,0,0,0
490,Lau (Gordon J) ES,3,GE,,0,0,0,1,0,0,0,0,0,1
490,Lau (Gordon J) ES,3,CB,,2,0,0,0,0,0,0,0,0,0
490,Lau (Gordon J) ES,4,GE,,0,1,0,0,0,0,0,0,0,0
490,Lau (Gordon J) ES,4,CB,,1,2,0,0,0,0,0,0,0,0
490,Lau (Gordon J) ES,5,GE,,0,0,0,1,1,0,0,0,0,1
490,Lau (Gordon J) ES,5,CB,,0,0,0,1,1,0,0,0,0,0
490,Lau (Gordon J) ES,PK,GE,,0,0,0,0,0,0,0,0,0,0
676,Lawton K-8,K,GE,,132,118,117,118,92,52,39,36,37,106
676,Lawton K-8,K,MS,,1,1,0,0,1,0,0,0,0,0
676,Lawton K-8,1,GE,,15,9,9,2,6,5,2,1,4,4
676,Lawton K-8,1,MS,,1,0,0,0,0,0,0,0,0,0
676,Lawton K-8,2,GE,,10,11,3,4,3,3,0,0,0,2
676,Lawton K-8,2,MS,,0,0,0,0,0,0,0,0,0,0
676,Lawton K-8,3,GE,,8,14,2,5,4,1,0,1,1,0
676,Lawton K-8,3,MS,,0,0,0,0,0,0,0,0,0,0
676,Lawton K-8,4,GE,,14,9,2,3,1,1,2,2,1,2
676,Lawton K-8,4,MS,,0,0,0,0,0,0,0,0,0,0
676,Lawton K-8,5,GE,,15,11,3,4,2,1,0,0,0,0
676,Lawton K-8,5,MS,,0,0,0,0,0,0,0,0,0,0
676,Lawton K-8,6,GE,,36,166,184,133,113,29,17,6,3,5
676,Lawton K-8,6,MS,,1,3,0,2,0,0,0,0,0,0
676,Lawton K-8,7,GE,,9,10,5,6,4,0,1,0,1,0
676,Lawton K-8,7,MS,,1,0,0,0,0,0,0,0,0,0
676,Lawton K-8,8,GE,,2,6,3,3,1,0,1,0,0,0
676,Lawton K-8,8,MS,,0,0,0,0,0,0,0,0,0,0
476,Lee (Edwin and Anita) Newcomer ES,K,NC,,0,0,0,0,0,0,0,0,0,0
476,Lee (Edwin and Anita) Newcomer ES,1,NC,,0,0,0,0,0,0,0,0,0,0
476,Lee (Edwin and Anita) Newcomer ES,2,NC,,0,0,0,0,0,0,0,0,0,0
476,Lee (Edwin and Anita) Newcomer ES,3,NC,,0,0,0,0,0,0,0,0,0,0
476,Lee (Edwin and Anita) Newcomer ES,4,NC,,0,0,0,0,0,0,0,0,0,0
476,Lee (Edwin and Anita) Newcomer ES,5,NC,,0,0,0,0,0,0,0,0,0,0
634,Lick (James) MS,6,GE,,92,76,74,59,58,19,7,6,2,24
634,Lick (James) MS,6,ED,,1,0,0,0,0,0,0,0,0,0
634,Lick (James) MS,6,MM,,4,1,2,1,1,0,0,0,0,0
634,Lick (James) MS,6,SN,,59,46,28,14,14,3,1,1,1,0
634,Lick (James) MS,7,GE,,1,1,0,2,2,0,1,0,0,0
634,Lick (James) MS,7,ED,,0,0,0,0,0,0,0,0,0,0
634,Lick (James) MS,7,MM,,0,0,0,0,0,0,0,0,0,0
634,Lick (James) MS,7,SN,,1,0,0,0,0,0,0,0,0,0
634,Lick (James) MS,8,GE,,1,1,0,0,1,1,0,0,0,0
634,Lick (James) MS,8,ED,,0,0,0,0,0,0,0,0,0,0
634,Lick (James) MS,8,MM,,0,0,0,0,0,0,0,0,0,0
634,Lick (James) MS,8,SN,,0,0,0,0,0,0,0,0,0,0
479,Lilienthal (Claire) K-8,K,GE,,138,130,72,41,45,22,22,10,12,65
479,Lilienthal (Claire) K-8,K,KE,,25,19,14,13,14,12,2,5,1,29
479,Lilienthal (Claire) K-8,K,KN,,18,0,0,0,0,0,0,0,0,0
479,Lilienthal (Claire) K-8,1,GE,,11,6,1,4,2,1,3,1,0,1
479,Lilienthal (Claire) K-8,1,KE,,2,0,0,1,1,0,0,0,0,1
479,Lilienthal (Claire) K-8,1,KN,,1,0,0,0,0,0,0,0,0,0
479,Lilienthal (Claire) K-8,2,GE,,10,4,6,0,2,1,0,1,0,2
479,Lilienthal (Claire) K-8,2,KN,,0,0,0,0,0,0,0,0,0,0
479,Lilienthal (Claire) K-8,3,GE,,12,7,2,1,2,0,0,0,0,1
479,Lilienthal (Claire) K-8,3,KN,,1,0,0,0,0,0,0,0,0,0
479,Lilienthal (Claire) K-8,4,GE,,14,4,2,0,3,0,1,0,0,1
479,Lilienthal (Claire) K-8,4,KN,,0,0,0,0,0,0,0,0,0,0
479,Lilienthal (Claire) K-8,5,GE,,13,8,5,2,0,1,0,0,0,0
479,Lilienthal (Claire) K-8,5,KN,,0,0,0,0,0,0,0,0,0,0
479,Lilienthal (Claire) K-8,6,GE,,57,73,73,62,81,19,25,7,3,7
479,Lilienthal (Claire) K-8,6,KN,,0,1,0,0,0,0,0,0,0,0
479,Lilienthal (Claire) K-8,7,GE,,9,7,5,1,1,1,1,2,0,0
479,Lilienthal (Claire) K-8,7,KN,,0,0,0,0,0,0,0,0,0,0
479,Lilienthal (Claire) K-8,8,GE,,8,3,2,2,0,0,0,0,0,0
479,Lilienthal (Claire) K-8,8,KN,,0,0,0,0,0,0,0,0,0,0
405,Lincoln (Abraham) HS,9,GE,,798,895,468,190,68,8,8,0,0,2
405,Lincoln (Abraham) HS,9,AF,,0,7,0,1,0,0,0,0,0,0
405,Lincoln (Abraham) HS,9,ED,,1,1,2,0,1,0,0,0,0,0
405,Lincoln (Abraham) HS,9,MM,,4,14,7,2,0,1,0,0,0,0
405,Lincoln (Abraham) HS,9,MS,,4,2,0,0,0,0,0,0,0,0
405,Lincoln (Abraham) HS,9,NX,,18,13,10,10,1,0,0,0,0,0
405,Lincoln (Abraham) HS,9,SA,,2,9,0,0,0,0,0,0,0,0
405,Lincoln (Abraham) HS,9,SF,,0,0,0,0,0,0,0,0,0,0
405,Lincoln (Abraham) HS,10,GE,,73,11,10,1,2,0,0,0,0,0
405,Lincoln (Abraham) HS,10,AF,,1,0,0,0,0,0,0,0,0,0
405,Lincoln (Abraham) HS,10,ED,,0,0,0,0,0,0,0,0,0,0
405,Lincoln (Abraham) HS,10,MM,,0,1,0,0,0,0,0,0,0,0
405,Lincoln (Abraham) HS,10,MS,,0,0,1,0,0,0,0,0,0,0
405,Lincoln (Abraham) HS,10,NX,,0,0,0,0,0,0,0,0,0,0
405,Lincoln (Abraham) HS,10,SA,,0,0,0,0,0,0,0,0,0,0
405,Lincoln (Abraham) HS,10,SF,,0,0,0,0,0,0,0,0,0,0
405,Lincoln (Abraham) HS,11,GE,,28,8,7,1,2,0,0,0,0,0
405,Lincoln (Abraham) HS,11,AF,,0,0,0,0,0,0,0,0,0,0
405,Lincoln (Abraham) HS,11,ED,,0,0,0,0,0,0,0,0,0,0
405,Lincoln (Abraham) HS,11,MM,,1,1,0,0,0,0,0,0,0,0
405,Lincoln (Abraham) HS,11,MS,,0,0,0,1,0,0,0,0,0,0
405,Lincoln (Abraham) HS,11,NX,,1,1,1,0,0,0,0,0,0,0
405,Lincoln (Abraham) HS,11,SA,,0,0,0,0,0,0,0,0,0,0
405,Lincoln (Abraham) HS,11,SF,,0,0,0,0,0,0,0,0,0,0
405,Lincoln (Abraham) HS,12,GE,,15,4,3,0,0,0,0,0,0,0
405,Lincoln (Abraham) HS,12,AF,,0,0,0,0,0,0,0,0,0,0
405,Lincoln (Abraham) HS,12,ED,,0,0,0,0,0,0,0,0,0,0
405,Lincoln (Abraham) HS,12,MM,,0,0,0,0,0,0,0,0,0,0
405,Lincoln (Abraham) HS,12,MS,,0,0,0,0,0,0,0,0,0,0
405,Lincoln (Abraham) HS,12,NX,,1,0,0,0,0,0,0,0,0,0
405,Lincoln (Abraham) HS,12,SA,,0,0,0,0,0,0,0,0,0,0
405,Lincoln (Abraham) HS,12,SF,,0,0,0,0,0,0,0,0,0,0
691,Longfellow ES,K,GE,,16,20,12,6,6,3,1,2,1,20
691,Longfellow ES,K,FB,,14,1,0,0,3,0,1,0,1,6
691,Longfellow ES,K,MM,,5,0,3,0,1,0,0,0,0,1
691,Longfellow ES,K,SB,,20,6,7,2,6,1,1,0,0,2
691,Longfellow ES,1,GE,,1,2,0,0,0,0,1,0,0,0
691,Longfellow ES,1,FB,,2,0,0,0,0,0,0,0,0,1
691,Longfellow ES,1,MM,,0,1,0,0,0,0,0,0,0,0
691,Longfellow ES,1,SB,,0,0,0,0,0,0,0,0,0,0
691,Longfellow ES,2,GE,,0,0,0,0,0,0,0,0,0,0
691,Longfellow ES,2,FB,,0,0,0,0,0,0,0,0,0,0
691,Longfellow ES,2,MM,,0,0,0,0,0,0,0,0,0,0
691,Longfellow ES,2,SB,,0,0,0,0,0,0,0,0,0,0
691,Longfellow ES,3,GE,,0,0,0,0,0,0,0,0,0,1
691,Longfellow ES,3,FB,,0,0,0,0,0,0,0,0,0,0
691,Longfellow ES,3,MM,,0,0,0,0,0,0,0,0,0,0
691,Longfellow ES,3,SB,,0,0,0,0,0,0,0,0,0,0
691,Longfellow ES,4,GE,,2,0,0,0,0,0,0,0,0,0
691,Longfellow ES,4,MM,,0,0,0,0,0,0,0,0,0,0
691,Longfellow ES,4,SB,,0,0,0,0,0,0,0,0,0,0
691,Longfellow ES,5,GE,,1,0,1,0,0,0,0,0,0,1
691,Longfellow ES,5,MM,,0,0,0,0,0,0,0,0,0,0
691,Longfellow ES,5,SB,,0,0,0,0,0,0,0,0,0,0
697,Lowell HS,9,GE,,1582,245,133,41,17,3,1,0,0,2
697,Lowell HS,9,AF,,8,0,1,0,0,0,0,0,0,0
697,Lowell HS,9,MM,,8,2,1,1,0,0,1,0,0,0
697,Lowell HS,9,MS,,3,2,3,0,0,0,0,0,0,0
697,Lowell HS,9,SA,,10,3,0,0,0,0,0,0,0,0
697,Lowell HS,10,GE,,2,0,1,0,0,0,0,0,0,0
697,Lowell HS,10,AF,,0,0,1,0,0,0,0,0,0,0
697,Lowell HS,10,MM,,0,0,0,0,0,0,0,0,0,0
697,Lowell HS,10,MS,,0,0,0,0,0,0,0,0,0,0
697,Lowell HS,10,SA,,0,0,0,0,0,0,0,0,0,0
697,Lowell HS,11,GE,,0,0,0,1,0,0,0,0,0,0
697,Lowell HS,11,AF,,0,0,0,0,0,0,0,0,0,0
697,Lowell HS,11,MM,,0,0,0,1,0,0,0,0,0,0
697,Lowell HS,11,MS,,0,0,1,0,0,0,0,0,0,0
697,Lowell HS,11,SA,,0,0,0,0,0,0,0,0,0,0
697,Lowell HS,12,GE,,0,0,0,0,0,0,0,0,0,0
697,Lowell HS,12,AF,,0,0,0,0,0,0,0,0,0,0
697,Lowell HS,12,MM,,0,0,0,0,0,0,0,0,0,0
697,Lowell HS,12,MS,,0,0,0,0,0,0,0,0,0,0
697,Lowell HS,12,SA,,1,0,0,0,0,0,0,0,0,0
697,Lowell HS,13,CA,,14,6,1,2,0,0,0,0,0,0
830,Malcolm X Academy ES,TK,GE,,2,1,2,3,2,0,0,0,1,7
830,Malcolm X Academy ES,K,GE,,16,3,3,1,2,2,0,0,0,9
830,Malcolm X Academy ES,1,GE,,0,0,0,1,0,0,0,0,0,0
830,Malcolm X Academy ES,2,GE,,0,0,0,0,0,0,0,0,0,0
830,Malcolm X Academy ES,3,GE,,0,0,1,0,0,0,0,0,0,1
830,Malcolm X Academy ES,4,GE,,0,0,0,0,0,0,0,0,0,0
830,Malcolm X Academy ES,5,GE,,0,0,0,0,0,0,0,0,0,1
708,Marina MS,6,GE,,127,105,78,70,50,25,13,15,15,12
708,Marina MS,6,AF,,2,2,0,1,0,1,0,0,0,0
708,Marina MS,6,CN,,7,16,6,4,4,2,0,3,1,1
708,Marina MS,6,MM,,0,4,1,2,1,0,0,0,0,0
708,Marina MS,6,MS,,0,0,0,0,0,0,1,0,0,0
708,Marina MS,6,NX,,0,0,2,1,0,0,0,0,0,0
708,Marina MS,7,GE,,1,3,1,4,0,1,0,0,1,1
708,Marina MS,7,AF,,1,0,0,0,0,0,0,0,0,0
708,Marina MS,7,CN,,0,0,0,0,0,0,0,0,0,0
708,Marina MS,7,MM,,0,0,0,0,0,0,0,0,0,0
708,Marina MS,7,MS,,0,0,0,0,0,0,0,0,0,0
708,Marina MS,7,NX,,0,0,0,0,0,0,0,0,0,0
708,Marina MS,8,GE,,0,1,0,2,1,0,0,0,0,0
708,Marina MS,8,AF,,0,0,0,0,0,0,0,0,0,0
708,Marina MS,8,CN,,0,0,0,0,0,0,0,0,0,0
708,Marina MS,8,MM,,0,0,0,0,0,0,0,0,0,0
708,Marina MS,8,MS,,0,0,0,0,0,0,0,0,0,0
708,Marina MS,8,NX,,0,0,0,0,0,0,0,0,0,0
853,Marshall (Thurgood) HS,8,NX,,0,0,0,0,0,0,0,0,0,0
853,Marshall (Thurgood) HS,9,GE,,15,27,33,36,28,8,4,5,4,13
853,Marshall (Thurgood) HS,9,ED,,1,0,0,0,0,0,0,0,0,0
853,Marshall (Thurgood) HS,9,MM,,1,1,0,0,0,0,0,0,0,0
853,Marshall (Thurgood) HS,9,NX,,5,2,5,1,2,0,0,0,0,0
853,Marshall (Thurgood) HS,9,SF,,0,0,0,0,0,0,0,0,0,0
853,Marshall (Thurgood) HS,10,GE,,3,0,0,0,0,0,0,0,0,0
853,Marshall (Thurgood) HS,10,ED,,0,0,0,0,0,0,0,0,0,0
853,Marshall (Thurgood) HS,10,MM,,0,0,0,0,0,0,0,0,0,0
853,Marshall (Thurgood) HS,10,NX,,0,0,0,0,0,0,0,0,0,0
853,Marshall (Thurgood) HS,10,SF,,0,0,0,0,0,0,0,0,0,0
853,Marshall (Thurgood) HS,11,GE,,0,0,0,0,2,0,0,0,0,0
853,Marshall (Thurgood) HS,11,ED,,0,0,0,0,0,0,0,0,0,0
853,Marshall (Thurgood) HS,11,MM,,0,0,0,0,0,0,0,0,0,0
853,Marshall (Thurgood) HS,11,NX,,0,0,0,0,0,0,0,0,0,0
853,Marshall (Thurgood) HS,11,SF,,0,0,0,0,0,0,0,0,0,0
853,Marshall (Thurgood) HS,12,GE,,0,0,0,0,0,0,0,0,0,0
853,Marshall (Thurgood) HS,12,ED,,0,0,0,0,0,0,0,0,0,0
853,Marshall (Thurgood) HS,12,MM,,0,0,0,0,0,0,0,0,0,0
853,Marshall (Thurgood) HS,12,NX,,0,0,0,0,0,0,0,0,0,0
853,Marshall (Thurgood) HS,12,SF,,0,0,0,0,0,0,0,0,0,0
853,Marshall (Thurgood) HS,13,CA,,0,0,1,0,0,0,0,0,0,0
714,Marshall ES,K,SE,,12,5,9,6,13,3,3,4,3,16
714,Marshall ES,K,SN,,32,9,10,8,6,2,0,1,4,7
714,Marshall ES,1,SE,,0,0,1,1,1,1,1,0,0,1
714,Marshall ES,1,SN,,1,0,2,0,1,0,0,0,0,0
714,Marshall ES,2,SN,,2,0,0,0,0,0,0,0,0,0
714,Marshall ES,3,SN,,1,0,0,0,0,0,0,0,0,0
714,Marshall ES,4,SN,,1,2,1,0,0,0,0,0,0,0
714,Marshall ES,5,SN,,0,0,1,0,0,0,0,0,0,0
549,McCoppin (Frank) ES,TK,GE,,37,33,24,28,18,14,9,8,5,8
549,McCoppin (Frank) ES,K,GE,,29,24,40,50,51,39,25,14,19,99
549,McCoppin (Frank) ES,1,GE,,0,1,1,0,1,1,1,0,0,5
549,McCoppin (Frank) ES,2,GE,,2,2,3,1,0,1,0,0,1,2
549,McCoppin (Frank) ES,3,GE,,2,2,2,0,2,1,0,0,0,0
549,McCoppin (Frank) ES,4,GE,,2,1,0,1,1,0,0,0,0,0
549,McCoppin (Frank) ES,5,GE,,3,1,3,0,0,0,1,0,0,1
718,McKinley ES,K,GE,,39,35,47,41,41,22,22,16,13,112
718,McKinley ES,K,AF,,1,3,1,0,0,0,1,0,0,0
718,McKinley ES,1,GE,,2,2,4,2,5,3,0,2,0,2
718,McKinley ES,1,AF,,0,0,0,0,0,0,0,0,0,0
718,McKinley ES,2,GE,,2,0,2,1,1,0,0,0,0,5
718,McKinley ES,2,AF,,0,0,0,0,0,0,0,0,0,0
718,McKinley ES,3,GE,,3,2,1,2,1,1,0,0,0,2
718,McKinley ES,3,AF,,0,0,0,0,0,0,0,0,0,0
718,McKinley ES,4,GE,,0,2,1,1,0,1,0,0,0,1
718,McKinley ES,5,GE,,0,2,3,1,1,1,0,0,1,1
950,McLaren (John) EES,TK,GE,,11,1,4,9,4,0,3,1,4,5
950,McLaren (John) EES,TK,MM,,7,7,4,0,1,0,0,0,0,0
505,Milk (Harvey) Civil Right ES,K,GE,,43,22,28,28,34,16,15,14,10,74
505,Milk (Harvey) Civil Right ES,1,GE,,1,2,1,4,1,0,1,1,0,3
505,Milk (Harvey) Civil Right ES,2,GE,,1,1,0,1,0,0,1,0,0,1
505,Milk (Harvey) Civil Right ES,3,GE,,0,1,1,1,2,0,1,0,0,1
505,Milk (Harvey) Civil Right ES,4,GE,,0,0,0,1,0,0,1,0,0,0
505,Milk (Harvey) Civil Right ES,5,GE,,0,0,0,2,0,0,1,0,0,1
722,Miraloma ES,K,GE,,57,42,73,51,50,39,28,21,21,100
722,Miraloma ES,K,AF,,2,2,2,3,0,0,0,0,0,1
722,Miraloma ES,1,GE,,2,6,4,6,3,0,0,4,1,2
722,Miraloma ES,1,AF,,0,0,0,0,1,0,0,0,0,0
722,Miraloma ES,2,GE,,4,2,5,2,0,2,0,0,0,2
722,Miraloma ES,2,AF,,0,0,0,0,0,0,0,0,0,0
722,Miraloma ES,3,GE,,1,3,1,0,0,1,1,0,0,3
722,Miraloma ES,3,AF,,0,0,0,0,0,0,0,0,0,0
722,Miraloma ES,4,GE,,0,1,5,1,2,0,0,2,0,1
722,Miraloma ES,4,AF,,0,0,0,0,0,0,0,0,0,0
722,Miraloma ES,5,GE,,2,0,1,0,3,0,0,0,1,1
722,Miraloma ES,5,AF,,0,0,0,0,0,0,0,0,0,0
724,Mission Education Center ES,TK,DS,,28,20,19,10,8,4,1,2,3,6
724,Mission Education Center ES,K,NS,,1,0,0,0,0,0,0,0,0,0
724,Mission Education Center ES,1,NS,,0,0,0,0,0,0,0,0,0,0
724,Mission Education Center ES,2,NS,,0,0,0,0,0,0,0,0,0,0
724,Mission Education Center ES,3,NS,,0,0,0,0,0,0,0,0,0,0
724,Mission Education Center ES,4,NS,,0,0,0,0,0,0,0,0,0,0
724,Mission Education Center ES,5,NS,,1,0,0,0,0,0,0,0,0,0
725,Mission HS,9,GE,,110,118,153,150,145,42,24,13,9,7
725,Mission HS,9,ED,,1,2,0,1,0,0,1,0,0,0
725,Mission HS,9,MM,,5,2,1,0,3,0,0,0,0,0
725,Mission HS,9,MS,,0,0,1,0,0,0,0,0,0,0
725,Mission HS,9,NX,,23,9,13,3,1,0,1,0,0,0
725,Mission HS,9,SA,,0,0,6,0,0,0,0,0,0,0
725,Mission HS,9,SF,,0,0,0,0,0,0,0,0,0,0
725,Mission HS,10,GE,,5,2,6,3,3,1,0,0,0,0
725,Mission HS,10,ED,,0,0,0,0,0,0,0,0,0,0
725,Mission HS,10,MM,,0,0,0,0,0,0,0,0,0,0
725,Mission HS,10,MS,,0,0,0,0,0,0,0,0,0,0
725,Mission HS,10,NX,,4,1,0,0,0,0,0,0,0,0
725,Mission HS,10,SA,,0,0,0,0,0,0,0,0,0,0
725,Mission HS,10,SF,,0,0,0,0,0,0,0,0,0,0
725,Mission HS,11,GE,,4,2,1,3,5,1,0,0,0,0
725,Mission HS,11,ED,,0,0,0,0,0,0,0,0,0,0
725,Mission HS,11,MM,,0,0,0,0,0,0,0,0,0,0
725,Mission HS,11,MS,,0,0,0,0,0,0,0,0,0,0
725,Mission HS,11,NX,,2,0,0,2,0,0,0,0,0,0
725,Mission HS,11,SA,,0,0,0,0,0,0,0,0,0,0
725,Mission HS,11,SF,,0,0,0,0,0,0,0,0,0,0
725,Mission HS,12,GE,,1,1,0,1,1,0,0,0,0,0
725,Mission HS,12,ED,,0,0,0,0,0,0,0,0,0,0
725,Mission HS,12,MM,,0,0,0,0,0,0,0,0,0,0
725,Mission HS,12,MS,,0,0,0,0,0,0,0,0,0,0
725,Mission HS,12,NX,,0,0,0,0,0,0,0,0,0,0
725,Mission HS,12,SA,,0,1,0,0,0,0,0,0,0,0
725,Mission HS,12,SF,,0,0,0,0,0,0,0,0,0,0
725,Mission HS,13,CA,,3,3,2,3,0,0,0,0,0,0
729,Monroe ES,K,GE,,16,54,17,26,16,11,9,6,3,42
729,Monroe ES,K,CB,,24,7,9,9,5,1,3,2,2,8
729,Monroe ES,K,SE,,16,18,19,8,3,6,5,2,3,18
729,Monroe ES,K,SN,,22,16,10,7,4,4,1,0,0,4
729,Monroe ES,1,GE,,1,0,0,0,0,0,0,0,0,1
729,Monroe ES,1,CB,,1,0,0,0,1,0,0,0,0,0
729,Monroe ES,1,SE,,3,0,1,0,0,0,0,0,0,4
729,Monroe ES,1,SN,,0,1,0,1,0,0,0,0,0,0
729,Monroe ES,2,GE,,2,0,1,0,1,0,0,0,0,0
729,Monroe ES,2,CB,,0,0,1,0,0,0,0,0,0,0
729,Monroe ES,2,SN,,0,0,1,0,0,0,0,0,0,0
729,Monroe ES,3,GE,,3,1,1,0,0,0,0,1,0,1
729,Monroe ES,3,CB,,0,0,0,1,0,0,0,0,0,0
729,Monroe ES,3,SN,,0,1,0,0,0,0,0,0,0,0
729,Monroe ES,4,GE,,1,0,1,0,0,0,0,0,0,0
729,Monroe ES,4,CB,,0,0,0,0,0,0,0,0,0,0
729,Monroe ES,4,SN,,0,2,1,2,0,0,0,0,0,0
729,Monroe ES,5,GE,,1,2,0,1,0,0,0,1,0,1
729,Monroe ES,5,CB,,0,0,0,0,0,0,0,0,0,0
729,Monroe ES,5,SN,,0,0,0,0,0,0,0,0,0,0
723,Moscone (George R) ES,K,GE,,18,19,17,4,6,3,2,3,1,26
723,Moscone (George R) ES,K,CB,,10,3,2,1,0,2,2,1,0,3
723,Moscone (George R) ES,K,SB,,24,11,9,7,4,3,4,2,2,0
723,Moscone (George R) ES,1,GE,,5,0,0,0,0,1,0,0,0,3
723,Moscone (George R) ES,1,CB,,0,0,0,0,0,0,0,0,0,0
723,Moscone (George R) ES,1,SB,,0,0,1,0,0,0,0,0,0,0
723,Moscone (George R) ES,2,GE,,0,1,0,0,0,0,0,0,0,0
723,Moscone (George R) ES,2,CB,,0,0,0,0,0,0,0,0,0,0
723,Moscone (George R) ES,2,SB,,2,0,0,1,0,0,0,0,0,0
723,Moscone (George R) ES,3,GE,,1,0,0,0,0,0,0,1,0,1
723,Moscone (George R) ES,3,CB,,0,0,0,0,0,0,0,0,0,0
723,Moscone (George R) ES,3,SB,,0,1,0,0,0,0,0,0,0,0
723,Moscone (George R) ES,4,GE,,1,1,0,0,1,0,0,0,0,0
723,Moscone (George R) ES,4,CB,,0,0,0,0,0,0,0,0,0,0
723,Moscone (George R) ES,4,SB,,2,0,0,0,0,0,0,0,0,0
723,Moscone (George R) ES,5,GE,,1,1,1,0,0,0,0,0,0,1
723,Moscone (George R) ES,5,CB,,0,0,0,0,0,0,0,0,0,0
723,Moscone (George R) ES,5,SB,,0,0,0,0,0,0,0,0,0,0
650,Muir (John) ES,K,GE,,11,12,19,7,8,4,3,3,6,43
650,Muir (John) ES,K,SB,,9,6,2,0,1,1,0,0,0,0
650,Muir (John) ES,1,GE,,0,0,1,2,1,0,0,0,0,3
650,Muir (John) ES,1,SB,,1,1,0,0,0,0,0,0,0,0
650,Muir (John) ES,2,GE,,0,0,0,0,0,0,0,0,0,0
650,Muir (John) ES,2,SB,,0,0,0,0,0,0,0,0,0,0
650,Muir (John) ES,3,GE,,0,0,0,1,0,0,0,0,0,1
650,Muir (John) ES,3,SB,,0,0,0,0,1,0,0,0,0,0
650,Muir (John) ES,4,GE,,0,0,0,0,0,0,0,0,0,0
650,Muir (John) ES,4,SB,,1,0,0,0,0,0,0,0,0,0
650,Muir (John) ES,5,GE,,0,1,0,0,0,0,0,0,0,1
650,Muir (John) ES,5,SB,,0,0,0,0,0,0,0,0,0,0
735,New Traditions ES,K,GE,,62,38,42,57,46,32,27,16,11,82
735,New Traditions ES,1,GE,,1,1,1,3,3,0,4,1,0,2
735,New Traditions ES,2,GE,,3,4,1,0,0,1,2,0,0,3
735,New Traditions ES,3,GE,,5,2,3,0,2,0,2,2,0,1
735,New Traditions ES,4,GE,,1,2,2,1,0,1,0,0,0,0
735,New Traditions ES,5,GE,,4,0,2,1,0,0,1,0,0,0
928,Noriega EES,TK,GE,,67,46,18,30,35,11,8,11,8,10
651,O'Connell (John) HS,9,GE,,70,69,70,60,48,14,7,2,6,14
651,O'Connell (John) HS,9,MM,,4,2,2,1,0,0,0,0,0,0
651,O'Connell (John) HS,10,GE,,2,0,1,0,1,0,0,0,0,0
651,O'Connell (John) HS,10,MM,,0,0,0,0,0,0,0,0,0,0
651,O'Connell (John) HS,11,GE,,3,3,0,2,3,0,0,0,0,0
651,O'Connell (John) HS,11,MM,,0,0,0,0,0,0,0,0,0,0
651,O'Connell (John) HS,12,GE,,0,0,1,0,1,0,0,0,0,0
651,O'Connell (John) HS,12,MM,,0,0,0,0,0,0,0,0,0,0
651,O'Connell (John) HS,13,CA,,2,0,0,0,1,0,0,0,0,0
746,Ortega (Jose) ES,K,GE,,20,24,16,11,22,15,8,15,9,70
746,Ortega (Jose) ES,K,ME,,25,24,9,13,15,4,8,5,5,44
746,Ortega (Jose) ES,K,MN,,42,14,6,5,7,0,0,1,0,7
746,Ortega (Jose) ES,1,GE,,0,1,1,2,2,1,0,0,1,2
746,Ortega (Jose) ES,1,ME,,11,2,1,1,1,1,0,0,0,2
746,Ortega (Jose) ES,1,MN,,5,2,0,0,0,0,0,0,0,1
746,Ortega (Jose) ES,2,GE,,1,2,0,0,0,0,0,0,0,0
746,Ortega (Jose) ES,2,MN,,3,0,0,0,0,0,0,0,0,0
746,Ortega (Jose) ES,3,GE,,2,2,3,2,0,1,0,0,1,2
746,Ortega (Jose) ES,3,MN,,2,0,1,0,0,0,0,0,1,0
746,Ortega (Jose) ES,4,GE,,1,1,0,0,0,0,0,1,0,0
746,Ortega (Jose) ES,4,MN,,1,0,0,0,0,0,0,0,0,0
746,Ortega (Jose) ES,5,GE,,0,0,1,1,0,0,0,0,0,1
746,Ortega (Jose) ES,5,MN,,0,1,1,0,0,0,0,0,0,0
638,Parker (Jean) ES,TK,GE,,7,11,16,8,7,3,0,1,1,9
638,Parker (Jean) ES,K,GE,,2,11,12,14,17,5,2,3,3,11
638,Parker (Jean) ES,K,CB,,3,4,15,7,4,3,1,1,2,1
638,Parker (Jean) ES,1,GE,,0,1,1,0,0,0,0,0,0,3
638,Parker (Jean) ES,1,CB,,1,0,1,0,0,1,0,0,0,1
638,Parker (Jean) ES,2,GE,,0,0,0,1,0,0,0,0,0,0
638,Parker (Jean) ES,2,CB,,0,1,1,0,0,0,0,0,0,0
638,Parker (Jean) ES,3,GE,,0,0,1,0,1,0,0,0,0,1
638,Parker (Jean) ES,3,CB,,0,2,0,0,0,0,0,0,0,0
638,Parker (Jean) ES,4,GE,,0,1,0,0,0,0,0,0,0,0
638,Parker (Jean) ES,4,CB,,0,0,0,2,0,0,0,0,0,0
638,Parker (Jean) ES,5,GE,,0,0,1,0,0,0,0,0,0,1
638,Parker (Jean) ES,5,CB,,0,1,0,0,0,0,0,0,0,0
786,Parks (Rosa) ES,TK,GE,,15,8,11,18,10,7,3,1,2,9
786,Parks (Rosa) ES,TK,AF,,8,1,2,3,0,0,0,0,0,0
786,Parks (Rosa) ES,K,GE,,16,13,9,10,8,5,4,3,1,31
786,Parks (Rosa) ES,K,AF,,4,1,1,0,1,0,0,0,1,0
786,Parks (Rosa) ES,K,JE,,10,7,5,6,4,2,3,0,2,22
786,Parks (Rosa) ES,K,JN,,4,3,1,2,2,0,0,0,0,3
786,Parks (Rosa) ES,1,GE,,2,2,0,1,0,0,0,0,1,0
786,Parks (Rosa) ES,1,AF,,0,1,0,0,0,0,0,0,0,0
786,Parks (Rosa) ES,1,JB,,2,1,0,1,0,0,0,1,0,2
786,Parks (Rosa) ES,2,GE,,1,0,0,0,0,0,0,0,0,0
786,Parks (Rosa) ES,2,AF,,0,0,0,0,0,0,0,0,0,0
786,Parks (Rosa) ES,2,JB,,1,1,0,0,0,0,0,0,0,1
786,Parks (Rosa) ES,3,GE,,2,1,0,0,0,0,0,0,0,1
786,Parks (Rosa) ES,3,AF,,0,0,0,0,0,0,0,0,0,0
786,Parks (Rosa) ES,3,JB,,0,0,0,0,0,0,0,0,0,0
786,Parks (Rosa) ES,4,GE,,1,2,0,0,0,0,0,0,0,0
786,Parks (Rosa) ES,4,AF,,0,0,0,0,0,0,0,0,0,0
786,Parks (Rosa) ES,4,JB,,0,0,0,1,0,0,0,0,0,0
786,Parks (Rosa) ES,4,MM,,0,0,0,0,0,0,0,0,0,0
786,Parks (Rosa) ES,5,GE,,0,1,3,0,0,0,0,0,0,1
786,Parks (Rosa) ES,5,AF,,0,0,0,0,0,0,0,0,0,0
786,Parks (Rosa) ES,5,JB,,1,0,0,0,0,0,0,0,0,0
786,Parks (Rosa) ES,5,MM,,0,0,0,0,0,0,0,0,0,0
569,Peabody (George) ES,K,GE,,101,101,90,75,64,17,28,19,12,102
569,Peabody (George) ES,K,MM,,2,1,0,0,0,0,0,0,0,0
569,Peabody (George) ES,1,GE,,2,4,4,6,1,1,0,1,1,3
569,Peabody (George) ES,1,MM,,0,0,0,0,0,0,0,0,0,0
569,Peabody (George) ES,2,GE,,5,3,2,4,2,1,0,0,1,1
569,Peabody (George) ES,2,MM,,0,0,0,0,0,0,0,0,0,0
569,Peabody (George) ES,3,GE,,4,4,4,4,3,1,1,0,0,0
569,Peabody (George) ES,3,MM,,2,0,0,0,0,0,0,0,0,0
569,Peabody (George) ES,4,GE,,1,3,4,5,2,0,0,0,0,1
569,Peabody (George) ES,4,MM,,0,0,1,0,0,0,0,0,0,0
569,Peabody (George) ES,5,GE,,7,4,0,5,1,1,0,0,0,0
569,Peabody (George) ES,5,MM,,0,0,0,1,0,0,0,0,0,0
975,Presidio EES,TK,GE,,0,0,0,0,0,0,0,0,0,0
778,Presidio MS,6,GE,,314,284,212,174,95,25,14,6,5,5
778,Presidio MS,6,AF,,1,3,4,2,1,0,0,0,0,0
778,Presidio MS,6,AO,,0,0,0,0,0,0,0,0,0,0
778,Presidio MS,6,ED,,0,0,0,0,0,0,0,0,0,0
778,Presidio MS,6,JB,,51,13,2,1,1,0,0,0,0,0
778,Presidio MS,6,MM,,3,6,4,2,0,1,0,0,0,0
778,Presidio MS,6,MS,,5,1,2,0,0,0,0,0,0,0
778,Presidio MS,6,TC,,0,0,0,0,0,0,0,0,0,0
778,Presidio MS,7,GE,,7,11,8,8,5,1,0,0,0,0
778,Presidio MS,7,AF,,0,0,0,0,0,0,0,0,0,0
778,Presidio MS,7,AO,,0,0,0,0,0,0,0,0,0,0
778,Presidio MS,7,ED,,0,0,0,0,0,0,0,0,0,0
778,Presidio MS,7,JB,,1,0,0,0,0,0,0,0,0,0
778,Presidio MS,7,MM,,1,0,0,0,0,0,0,0,0,0
778,Presidio MS,7,MS,,0,1,0,0,0,0,0,0,0,0
778,Presidio MS,7,TC,,0,0,0,0,0,0,0,0,0,0
778,Presidio MS,8,GE,,6,1,4,6,2,0,0,0,0,0
778,Presidio MS,8,AF,,0,0,0,0,0,0,0,0,0,0
778,Presidio MS,8,AO,,0,0,0,0,0,0,0,0,0,0
778,Presidio MS,8,ED,,0,0,0,0,0,0,0,0,0,0
778,Presidio MS,8,JB,,0,0,0,0,0,0,0,0,0,0
778,Presidio MS,8,MM,,0,0,0,0,0,0,0,0,0,0
778,Presidio MS,8,MS,,0,0,0,0,0,0,0,0,0,0
778,Presidio MS,8,TC,,0,0,0,0,0,0,0,0,0,0
790,Redding ES,TK,GE,,7,11,10,9,13,2,2,2,1,11
790,Redding ES,K,GE,,23,9,13,11,8,5,5,2,1,20
790,Redding ES,1,GE,,0,2,1,0,0,0,0,0,0,3
790,Redding ES,2,GE,,1,1,0,0,0,0,0,0,0,0
790,Redding ES,3,GE,,0,0,0,0,0,0,0,0,0,1
790,Redding ES,4,GE,,0,0,0,0,0,0,0,0,0,0
790,Redding ES,5,GE,,1,0,0,0,0,0,0,0,0,1
760,Revere (Paul) K-8,K,GE,,7,12,5,8,4,3,3,0,0,20
760,Revere (Paul) K-8,K,MM,,1,2,0,1,0,0,0,0,0,2
760,Revere (Paul) K-8,K,SE,,6,4,4,3,2,5,5,5,0,12
760,Revere (Paul) K-8,K,SN,,13,0,4,4,7,0,1,0,0,2
760,Revere (Paul) K-8,1,GE,,1,1,1,0,0,0,0,0,0,0
760,Revere (Paul) K-8,1,MM,,0,0,0,0,0,0,0,0,0,0
760,Revere (Paul) K-8,1,SE,,0,0,0,0,0,0,0,0,0,1
760,Revere (Paul) K-8,1,SN,,0,0,2,0,0,0,0,0,0,0
760,Revere (Paul) K-8,2,GE,,1,1,1,0,0,0,0,0,0,0
760,Revere (Paul) K-8,2,MM,,0,0,0,0,0,0,0,0,0,0
760,Revere (Paul) K-8,2,SN,,2,0,0,0,0,0,0,0,0,0
760,Revere (Paul) K-8,3,GE,,0,0,0,0,0,0,0,0,0,1
760,Revere (Paul) K-8,3,MM,,0,1,0,0,0,0,0,0,0,0
760,Revere (Paul) K-8,3,SN,,1,0,0,0,0,0,0,0,0,0
760,Revere (Paul) K-8,4,GE,,0,1,1,0,0,0,0,0,0,0
760,Revere (Paul) K-8,4,MM,,0,0,0,0,0,0,0,0,0,0
760,Revere (Paul) K-8,4,SN,,1,0,1,0,0,0,0,0,0,0
760,Revere (Paul) K-8,5,GE,,0,0,0,0,0,0,0,0,0,1
760,Revere (Paul) K-8,5,MM,,0,0,0,0,0,0,0,0,0,0
760,Revere (Paul) K-8,5,SN,,0,0,1,0,0,0,0,0,0,0
760,Revere (Paul) K-8,6,GE,,9,14,13,10,11,4,1,1,1,17
760,Revere (Paul) K-8,7,GE,,2,1,0,0,1,0,0,0,0,0
760,Revere (Paul) K-8,8,GE,,1,0,0,0,1,0,0,0,0,0
965,Rodriguez (Zaida T) EES,TK,GE,,11,8,16,13,8,2,2,3,4,11
796,Rooftop K-8,TK,GE,,56,49,30,26,24,15,12,5,10,7
796,Rooftop K-8,K,GE,,68,85,74,68,60,52,38,29,33,129
796,Rooftop K-8,1,GE,,11,4,6,2,2,6,3,1,1,3
796,Rooftop K-8,2,GE,,11,6,3,1,5,0,1,0,3,0
796,Rooftop K-8,3,GE,,4,4,2,0,7,1,1,0,0,2
796,Rooftop K-8,4,GE,,3,4,1,2,2,2,0,0,0,2
796,Rooftop K-8,5,GE,,13,7,0,1,4,1,1,0,0,0
796,Rooftop K-8,6,GE,,39,48,72,96,70,50,21,10,7,4
796,Rooftop K-8,7,GE,,5,5,4,3,4,1,0,0,0,0
796,Rooftop K-8,8,GE,,3,3,2,1,1,0,0,0,0,0
796,Rooftop K-8,PK,GE,,0,0,0,0,0,0,0,0,0,0
797,Roosevelt MS,6,GE,,310,353,211,147,89,26,11,10,0,5
797,Roosevelt MS,6,AF,,2,3,4,0,1,0,0,0,0,0
797,Roosevelt MS,6,CN,,60,26,9,8,7,0,1,0,0,0
797,Roosevelt MS,6,MM,,10,3,2,1,0,0,1,0,0,0
797,Roosevelt MS,6,SA,,0,2,3,0,0,0,0,0,0,0
797,Roosevelt MS,7,GE,,16,14,6,3,5,3,1,0,1,0
797,Roosevelt MS,7,AF,,0,0,0,0,0,0,0,0,0,0
797,Roosevelt MS,7,CN,,0,0,1,0,0,0,0,0,0,0
797,Roosevelt MS,7,MM,,0,0,0,1,0,0,0,0,0,0
797,Roosevelt MS,7,SA,,0,0,0,0,0,0,0,0,0,0
797,Roosevelt MS,8,GE,,5,7,7,0,1,0,0,0,0,0
797,Roosevelt MS,8,AF,,0,0,0,0,0,0,0,0,0,0
797,Roosevelt MS,8,CN,,0,0,0,0,0,0,0,0,0,0
797,Roosevelt MS,8,MM,,0,0,0,0,0,0,0,0,0,0
797,Roosevelt MS,8,SA,,0,1,0,0,0,0,0,0,0,0
816,Sanchez ES,TK,GE,,18,9,13,8,18,4,4,2,0,11
816,Sanchez ES,K,GE,,6,12,11,5,9,3,3,2,0,29
816,Sanchez ES,K,MM,,0,0,0,0,0,0,0,0,0,2
816,Sanchez ES,K,SB,,11,11,8,3,3,3,0,2,2,0
816,Sanchez ES,1,GE,,0,0,1,1,1,0,0,1,0,2
816,Sanchez ES,1,MM,,0,0,0,0,0,0,0,0,0,0
816,Sanchez ES,1,SB,,0,1,0,0,0,0,0,0,0,0
816,Sanchez ES,2,GE,,0,1,2,0,0,0,0,0,0,0
816,Sanchez ES,2,MM,,0,0,0,0,0,0,0,0,0,0
816,Sanchez ES,2,SB,,0,0,1,2,0,0,0,0,0,0
816,Sanchez ES,3,GE,,0,0,1,1,1,0,0,0,1,1
816,Sanchez ES,3,MM,,0,0,0,0,0,0,0,0,0,0
816,Sanchez ES,3,MS,,0,0,0,0,0,0,0,0,0,0
816,Sanchez ES,3,SB,,0,2,0,0,0,0,0,0,0,0
816,Sanchez ES,4,GE,,0,0,0,0,0,0,0,0,0,0
816,Sanchez ES,4,MM,,0,0,0,0,0,0,0,0,0,0
816,Sanchez ES,4,MS,,0,0,0,0,0,0,0,0,0,0
816,Sanchez ES,4,SB,,1,0,2,1,0,1,1,0,0,0
816,Sanchez ES,5,GE,,0,0,0,0,1,0,0,0,0,1
816,Sanchez ES,5,MM,,0,0,0,0,0,0,0,0,0,0
816,Sanchez ES,5,MS,,0,0,0,0,0,0,0,0,0,0
816,Sanchez ES,5,SB,,0,0,0,1,0,0,0,0,0,0
955,Serra (Junipero) Annex EES,TK,GE,,23,21,8,16,13,10,5,4,3,7
656,Serra (Junipero) ES,K,GE,,24,17,16,10,15,10,4,4,6,38
656,Serra (Junipero) ES,K,SB,,13,6,3,7,3,3,0,1,1,0
656,Serra (Junipero) ES,1,GE,,0,0,0,0,0,0,0,0,0,2
656,Serra (Junipero) ES,1,SB,,2,0,0,0,0,0,0,0,0,0
656,Serra (Junipero) ES,2,GE,,1,1,1,0,0,0,0,0,0,1
656,Serra (Junipero) ES,2,SB,,0,2,0,0,0,0,0,0,0,0
656,Serra (Junipero) ES,3,GE,,0,0,0,0,0,0,0,0,0,1
656,Serra (Junipero) ES,3,SB,,0,0,0,0,0,0,0,0,0,0
656,Serra (Junipero) ES,4,GE,,0,0,0,0,0,0,0,0,0,0
656,Serra (Junipero) ES,4,SB,,2,1,0,0,0,0,0,0,0,0
656,Serra (Junipero) ES,5,GE,,0,0,0,0,0,0,0,0,0,0
656,Serra (Junipero) ES,5,SB,,0,0,0,0,0,0,0,0,0,0
493,SF Community K-8,K,GE,,21,26,19,23,13,8,9,9,5,40
493,SF Community K-8,1,GE,,0,0,0,1,1,0,2,0,0,3
493,SF Community K-8,2,GE,,2,3,0,2,0,1,0,1,1,1
493,SF Community K-8,3,GE,,1,1,2,0,0,0,0,1,0,1
493,SF Community K-8,4,GE,,1,1,1,0,0,0,0,0,0,1
493,SF Community K-8,5,GE,,1,1,4,2,1,0,0,1,0,1
493,SF Community K-8,6,GE,,19,38,24,18,30,6,1,5,8,15
493,SF Community K-8,7,GE,,5,3,1,0,1,0,1,0,0,0
493,SF Community K-8,8,GE,,0,0,1,0,0,0,0,0,0,0
621,SF International HS,8,GX,,0,0,0,0,0,0,0,0,0,0
621,SF International HS,8,NC,,0,0,0,0,0,0,0,0,0,0
621,SF International HS,8,NS,,0,0,0,0,0,0,0,0,0,0
621,SF International HS,8,NX,,0,0,0,0,0,0,0,0,0,0
621,SF International HS,9,GX,,0,2,7,3,2,4,2,0,0,0
621,SF International HS,9,MM,,0,0,0,0,0,0,0,0,0,0
621,SF International HS,9,NC,,0,0,0,1,0,0,0,1,0,0
621,SF International HS,9,NS,,5,13,7,3,1,0,0,0,0,0
621,SF International HS,9,NX,,14,12,4,3,3,0,0,0,0,0
621,SF International HS,9,SF,,0,0,0,0,0,0,0,0,0,0
621,SF International HS,10,GX,,0,0,0,0,0,0,0,0,0,0
621,SF International HS,10,MM,,0,0,0,0,0,0,0,0,0,0
621,SF International HS,10,NC,,0,0,0,0,0,0,0,0,0,0
621,SF International HS,10,NS,,0,0,0,0,0,0,0,0,0,0
621,SF International HS,10,NX,,2,0,0,0,0,0,0,0,0,0
621,SF International HS,10,SF,,0,0,0,0,0,0,0,0,0,0
621,SF International HS,11,GX,,0,0,0,0,0,0,0,0,0,0
621,SF International HS,11,MM,,0,0,0,0,0,0,0,0,0,0
621,SF International HS,11,NC,,0,0,0,0,0,0,0,0,0,0
621,SF International HS,11,NS,,0,0,0,0,0,0,0,0,0,0
621,SF International HS,11,NX,,3,0,0,0,0,0,0,0,0,0
621,SF International HS,11,SF,,0,0,0,0,0,0,0,0,0,0
621,SF International HS,12,GX,,0,0,0,0,0,0,0,0,0,0
621,SF International HS,12,MM,,0,0,0,0,0,0,0,0,0,0
621,SF International HS,12,NC,,0,0,0,0,0,0,0,0,0,0
621,SF International HS,12,NS,,0,0,0,0,0,0,0,0,0,0
621,SF International HS,12,NX,,0,0,0,0,0,0,0,0,0,0
621,SF International HS,12,SF,,0,0,0,0,0,0,0,0,0,0
621,SF International HS,13,CA,,0,0,1,0,1,0,0,0,0,0
814,SF Public Montessori ES,K,GE,,26,28,35,32,18,11,9,11,6,64
814,SF Public Montessori ES,1,GE,,3,5,4,1,4,1,0,0,0,4
814,SF Public Montessori ES,2,GE,,1,2,3,1,0,0,0,1,1,1
814,SF Public Montessori ES,3,GE,,1,0,6,0,1,0,0,0,0,2
814,SF Public Montessori ES,4,GE,,0,3,0,0,1,0,0,0,0,1
814,SF Public Montessori ES,5,GE,,0,0,2,1,0,0,0,0,0,1
820,Sheridan ES,TK,GE,,18,11,10,10,13,6,6,1,5,7
820,Sheridan ES,K,GE,,19,17,12,7,8,2,1,4,0,25
820,Sheridan ES,1,GE,,0,1,0,0,1,0,0,0,0,2
820,Sheridan ES,2,GE,,0,0,0,0,0,0,0,0,0,0
820,Sheridan ES,3,GE,,0,0,0,0,1,0,0,0,0,1
820,Sheridan ES,4,GE,,1,1,0,0,0,0,0,0,0,0
820,Sheridan ES,5,GE,,0,0,0,1,1,0,0,0,0,0
823,Sherman ES,K,GE,,49,52,27,31,17,16,14,3,1,44
823,Sherman ES,K,AF,,0,0,3,0,1,0,0,0,0,0
823,Sherman ES,1,GE,,4,2,2,1,3,0,0,0,1,3
823,Sherman ES,1,AF,,0,0,1,0,0,0,0,0,0,0
823,Sherman ES,2,GE,,1,0,0,0,0,0,1,0,0,0
823,Sherman ES,2,AF,,0,0,0,0,0,0,0,0,0,0
823,Sherman ES,3,GE,,2,1,2,1,1,0,0,0,0,2
823,Sherman ES,3,AF,,0,0,0,0,0,0,0,0,0,0
823,Sherman ES,4,GE,,0,0,1,1,0,0,0,0,1,1
823,Sherman ES,4,AF,,0,0,0,0,0,0,0,0,0,0
823,Sherman ES,5,GE,,1,1,0,0,0,0,0,0,0,1
823,Sherman ES,5,AF,,0,0,0,0,0,0,0,0,0,0
488,Sloat (Commodore) ES,K,GE,,51,61,53,61,56,33,40,25,25,144
488,Sloat (Commodore) ES,1,GE,,1,0,3,3,4,2,1,0,1,7
488,Sloat (Commodore) ES,2,GE,,4,1,1,2,2,0,0,1,0,1
488,Sloat (Commodore) ES,3,GE,,0,1,2,0,1,0,0,0,0,1
488,Sloat (Commodore) ES,4,GE,,4,3,1,1,1,0,1,1,0,1
488,Sloat (Commodore) ES,5,GE,,2,1,0,1,1,0,0,0,0,1
834,Spring Valley Science ES,K,GE,,8,15,21,14,11,4,3,2,0,17
834,Spring Valley Science ES,K,CB,,1,0,0,0,0,0,1,0,0,0
834,Spring Valley Science ES,K,MM,,0,0,0,0,0,0,0,0,0,0
834,Spring Valley Science ES,K,SB,,3,0,0,1,0,0,0,0,0,0
834,Spring Valley Science ES,1,GE,,1,0,0,1,0,0,0,0,0,2
834,Spring Valley Science ES,1,CB,,0,0,0,1,0,0,0,0,0,0
834,Spring Valley Science ES,1,MM,,0,0,0,1,0,0,0,0,0,0
834,Spring Valley Science ES,1,SB,,2,1,0,0,0,0,0,0,0,0
834,Spring Valley Science ES,2,GE,,1,0,1,0,0,0,0,0,0,0
834,Spring Valley Science ES,2,CB,,0,0,0,0,0,0,0,0,0,0
834,Spring Valley Science ES,2,MM,,0,0,0,0,0,0,0,0,0,0
834,Spring Valley Science ES,2,SB,,0,0,1,0,0,0,0,0,0,0
834,Spring Valley Science ES,3,GE,,0,0,0,0,0,1,0,0,0,1
834,Spring Valley Science ES,3,CB,,0,0,1,0,0,0,0,0,0,0
834,Spring Valley Science ES,3,MM,,0,0,0,0,0,0,0,0,0,0
834,Spring Valley Science ES,3,SB,,0,0,0,0,0,0,0,0,0,0
834,Spring Valley Science ES,4,GE,,0,1,0,0,0,0,0,0,0,0
834,Spring Valley Science ES,4,CB,,0,0,0,0,0,0,0,0,0,0
834,Spring Valley Science ES,4,SB,,0,0,0,0,0,0,0,0,0,0
834,Spring Valley Science ES,5,GE,,0,0,0,0,0,0,0,0,1,0
834,Spring Valley Science ES,5,CB,,0,0,0,0,0,0,0,1,0,0
834,Spring Valley Science ES,5,SB,,0,1,0,0,0,0,0,0,0,0
782,Stevenson (Robert Louis) ES,TK,GE,,44,58,62,31,32,14,3,6,4,9
782,Stevenson (Robert Louis) ES,TK,MM,,14,11,2,0,0,0,0,0,0,0
782,Stevenson (Robert Louis) ES,K,GE,,60,48,78,82,69,33,32,34,22,106
782,Stevenson (Robert Louis) ES,K,MM,,2,2,2,0,2,0,0,0,0,0
782,Stevenson (Robert Louis) ES,1,GE,,5,6,3,2,2,1,4,3,0,5
782,Stevenson (Robert Louis) ES,1,MM,,2,0,0,0,0,0,0,0,0,0
782,Stevenson (Robert Louis) ES,2,GE,,5,3,2,4,3,0,2,0,0,2
782,Stevenson (Robert Louis) ES,2,MM,,0,0,0,0,0,0,0,0,0,0
782,Stevenson (Robert Louis) ES,3,GE,,3,5,7,3,2,0,0,0,0,2
782,Stevenson (Robert Louis) ES,3,MM,,0,0,0,0,0,0,0,0,0,0
782,Stevenson (Robert Louis) ES,4,GE,,4,3,3,1,2,0,0,0,0,3
782,Stevenson (Robert Louis) ES,4,MM,,0,1,0,0,0,0,0,0,0,0
782,Stevenson (Robert Louis) ES,5,GE,,3,1,1,3,4,0,2,0,0,1
782,Stevenson (Robert Louis) ES,5,MM,,0,0,0,0,1,0,0,0,0,0
915,Stockton (Commodore) EES,TK,GE,,28,22,11,5,4,1,3,2,0,11
842,Sunnyside ES,K,GE,,52,50,56,53,40,24,15,17,13,78
842,Sunnyside ES,K,MS,,2,0,1,1,1,0,0,0,0,0
842,Sunnyside ES,1,GE,,0,1,2,3,1,4,2,0,1,5
842,Sunnyside ES,1,MS,,0,0,0,0,0,0,0,0,0,0
842,Sunnyside ES,2,GE,,3,2,2,4,1,0,0,1,0,1
842,Sunnyside ES,2,MS,,0,0,0,0,0,0,0,0,0,0
842,Sunnyside ES,3,GE,,1,1,4,2,2,2,1,0,0,1
842,Sunnyside ES,3,MS,,0,0,0,0,0,0,0,0,0,0
842,Sunnyside ES,4,GE,,2,2,0,3,0,0,0,0,0,1
842,Sunnyside ES,4,MS,,0,0,0,0,0,0,0,0,0,0
842,Sunnyside ES,5,GE,,2,1,1,0,1,1,0,0,0,1
842,Sunnyside ES,5,MS,,0,0,0,0,0,0,0,0,0,0
750,Sunset ES,K,GE,,160,173,111,94,71,39,40,32,32,116
750,Sunset ES,K,SA,,2,3,2,1,1,0,0,0,0,0
750,Sunset ES,1,GE,,13,7,9,5,4,0,2,0,2,3
750,Sunset ES,1,SA,,0,1,0,0,0,0,0,0,0,0
750,Sunset ES,2,GE,,11,6,3,7,2,1,0,0,1,4
750,Sunset ES,2,SA,,0,0,0,0,0,0,0,0,0,0
750,Sunset ES,3,GE,,24,7,2,3,0,1,0,0,1,3
750,Sunset ES,3,SA,,0,0,0,0,0,0,0,0,0,0
750,Sunset ES,4,GE,,10,3,6,4,0,1,0,0,1,2
750,Sunset ES,4,SA,,0,1,0,0,0,0,0,0,0,0
750,Sunset ES,5,GE,,5,8,2,1,1,1,1,0,0,1
750,Sunset ES,5,SA,,0,0,0,0,0,0,0,0,0,0
848,Sutro ES,TK,GE,,15,25,30,15,14,9,13,6,4,12
848,Sutro ES,K,GE,,9,22,25,41,39,32,15,17,14,90
848,Sutro ES,K,CB,,7,5,6,4,8,2,2,4,2,2
848,Sutro ES,1,GE,,1,2,1,1,1,1,1,0,0,3
848,Sutro ES,1,CB,,0,0,0,0,0,0,0,0,0,0
848,Sutro ES,2,GE,,1,1,1,1,4,0,0,0,1,1
848,Sutro ES,2,CB,,1,0,0,0,0,0,0,0,0,0
848,Sutro ES,3,GE,,0,2,0,2,2,0,0,0,0,0
848,Sutro ES,3,CB,,0,0,0,0,0,0,0,0,0,0
848,Sutro ES,4,GE,,0,1,0,0,2,2,0,0,0,0
848,Sutro ES,4,CB,,0,0,0,0,0,0,0,0,0,0
848,Sutro ES,5,GE,,0,3,0,0,2,0,1,0,0,1
848,Sutro ES,5,CB,,1,0,0,0,0,1,0,0,0,0
513,Taylor (Edward R) ES,K,GE,,36,24,15,17,10,7,3,2,3,21
513,Taylor (Edward R) ES,K,AF,,3,1,1,0,1,1,0,0,0,0
513,Taylor (Edward R) ES,K,CB,,18,6,12,6,5,0,1,1,1,2
513,Taylor (Edward R) ES,K,SB,,15,6,2,8,2,2,0,0,0,3
513,Taylor (Edward R) ES,1,GE,,4,0,0,1,0,0,0,0,0,3
513,Taylor (Edward R) ES,1,AF,,0,0,0,0,0,0,0,0,0,0
513,Taylor (Edward R) ES,1,CB,,0,0,1,0,0,0,0,1,0,1
513,Taylor (Edward R) ES,1,SB,,1,0,0,0,0,0,0,0,0,0
513,Taylor (Edward R) ES,2,GE,,8,1,1,0,0,0,0,1,0,0
513,Taylor (Edward R) ES,2,AF,,0,0,0,0,0,0,0,0,0,0
513,Taylor (Edward R) ES,2,CB,,1,1,0,0,0,0,1,0,0,0
513,Taylor (Edward R) ES,2,SB,,0,0,1,0,0,0,0,0,0,0
513,Taylor (Edward R) ES,3,GE,,1,0,0,0,0,0,0,0,0,1
513,Taylor (Edward R) ES,3,AF,,0,0,0,0,0,0,0,0,0,0
513,Taylor (Edward R) ES,3,CB,,1,0,0,0,0,0,0,0,0,0
513,Taylor (Edward R) ES,3,SB,,0,0,0,0,0,0,0,0,0,0
513,Taylor (Edward R) ES,4,GE,,4,1,0,0,0,0,0,0,0,0
513,Taylor (Edward R) ES,4,AF,,0,0,0,0,0,0,0,0,0,0
513,Taylor (Edward R) ES,4,CB,,0,1,0,0,0,0,0,0,0,0
513,Taylor (Edward R) ES,4,SB,,0,0,0,0,0,0,0,0,0,0
513,Taylor (Edward R) ES,5,GE,,0,1,0,0,0,0,0,0,0,1
513,Taylor (Edward R) ES,5,AF,,0,0,0,0,0,0,0,0,0,0
513,Taylor (Edward R) ES,5,CB,,0,0,0,0,1,0,0,0,0,0
513,Taylor (Edward R) ES,5,SB,,1,0,0,0,0,0,0,0,0,0
859,Tenderloin Community ES,TK,GE,,11,7,2,2,3,0,1,0,1,4
859,Tenderloin Community ES,K,GE,,28,5,6,3,3,1,1,0,0,10
859,Tenderloin Community ES,K,ED,,0,0,0,0,0,0,0,0,0,0
859,Tenderloin Community ES,1,GE,,2,0,0,0,0,0,0,0,0,1
859,Tenderloin Community ES,1,ED,,0,0,0,0,0,0,0,0,0,0
859,Tenderloin Community ES,2,GE,,1,0,0,0,0,0,0,0,0,0
859,Tenderloin Community ES,2,ED,,0,0,0,0,0,0,0,0,0,0
859,Tenderloin Community ES,3,GE,,0,0,0,0,0,0,0,0,0,1
859,Tenderloin Community ES,3,ED,,0,0,0,0,0,0,0,0,0,0
859,Tenderloin Community ES,4,GE,,0,0,0,0,0,0,0,0,0,0
859,Tenderloin Community ES,4,ED,,0,0,0,0,0,0,0,0,0,0
859,Tenderloin Community ES,5,GE,,0,0,0,1,0,0,0,0,0,1
859,Tenderloin Community ES,5,ED,,0,0,0,0,0,0,0,0,0,0
832,The Academy - SF @ McAteer HS,9,GE,,29,69,64,70,68,28,14,7,2,6
832,The Academy - SF @ McAteer HS,9,AO,,4,0,0,0,0,0,1,0,0,0
832,The Academy - SF @ McAteer HS,9,MM,,0,1,2,1,1,1,0,0,0,0
832,The Academy - SF @ McAteer HS,9,TC,,0,0,0,0,0,0,0,0,0,0
832,The Academy - SF @ McAteer HS,10,GE,,1,0,2,1,0,1,0,0,0,0
832,The Academy - SF @ McAteer HS,10,AO,,0,0,0,0,0,0,0,0,0,0
832,The Academy - SF @ McAteer HS,10,MM,,0,0,0,0,0,0,0,0,0,0
832,The Academy - SF @ McAteer HS,10,TC,,0,0,0,0,0,0,0,0,0,0
832,The Academy - SF @ McAteer HS,11,GE,,2,0,4,1,2,0,0,0,0,0
832,The Academy - SF @ McAteer HS,11,AO,,0,0,0,0,0,0,0,0,0,0
832,The Academy - SF @ McAteer HS,11,MM,,0,0,0,0,0,0,0,0,0,0
832,The Academy - SF @ McAteer HS,11,TC,,0,0,0,0,0,0,0,0,0,0
832,The Academy - SF @ McAteer HS,12,GE,,2,0,0,0,0,0,0,0,0,0
832,The Academy - SF @ McAteer HS,12,AO,,0,0,0,0,0,0,0,0,0,0
832,The Academy - SF @ McAteer HS,12,MM,,0,0,0,0,0,0,0,0,0,0
832,The Academy - SF @ McAteer HS,12,TC,,0,0,0,0,0,0,0,0,0,0
997,Tule Elk Park EES,TK,GE,,54,11,14,16,10,2,3,2,0,12
997,Tule Elk Park EES,TK,MM,,0,0,0,0,0,0,0,0,0,0
997,Tule Elk Park EES,TK,MS,,7,4,1,0,0,0,0,0,0,0
862,Ulloa ES,K,GE,,54,81,80,67,78,49,33,34,16,123
862,Ulloa ES,K,CB,,33,27,33,25,21,9,10,2,3,8
862,Ulloa ES,1,GE,,4,4,4,3,3,2,2,1,0,2
862,Ulloa ES,1,CB,,4,2,3,1,1,0,0,0,0,0
862,Ulloa ES,2,GE,,4,4,2,1,3,0,2,0,0,2
862,Ulloa ES,2,CB,,2,1,2,0,0,0,0,0,0,0
862,Ulloa ES,3,GE,,2,0,4,6,1,0,1,1,0,1
862,Ulloa ES,3,CB,,1,1,0,0,0,0,1,0,0,0
862,Ulloa ES,4,GE,,0,4,1,1,3,0,1,0,0,1
862,Ulloa ES,4,CB,,1,0,0,0,0,0,0,0,0,0
862,Ulloa ES,5,GE,,1,1,1,1,2,0,1,0,0,1
862,Ulloa ES,5,CB,,0,1,0,0,0,0,0,0,0,0
867,Visitacion Valley ES,TK,GE,,11,4,5,7,2,1,0,1,1,7
867,Visitacion Valley ES,K,GE,,21,16,9,9,1,2,0,1,2,11
867,Visitacion Valley ES,K,CB,,8,4,1,1,0,1,0,1,0,1
867,Visitacion Valley ES,1,GE,,0,0,1,0,0,0,0,0,0,2
867,Visitacion Valley ES,1,CB,,0,0,0,0,0,0,0,0,0,0
867,Visitacion Valley ES,2,GE,,0,0,0,0,0,0,0,0,0,0
867,Visitacion Valley ES,2,CB,,0,1,0,0,0,0,0,0,0,0
867,Visitacion Valley ES,3,GE,,1,1,0,0,0,0,0,0,0,1
867,Visitacion Valley ES,3,CB,,0,1,0,0,0,0,0,0,0,0
867,Visitacion Valley ES,4,GE,,1,0,0,0,0,0,0,0,0,0
867,Visitacion Valley ES,4,CB,,0,0,0,0,0,0,0,0,0,0
867,Visitacion Valley ES,5,GE,,0,0,0,0,0,0,0,0,0,1
867,Visitacion Valley ES,5,CB,,0,0,0,1,0,0,0,0,0,0
868,Visitacion Valley MS,6,GE,,48,35,40,10,12,1,0,0,0,16
868,Visitacion Valley MS,6,MM,,0,0,2,1,0,0,0,0,0,0
868,Visitacion Valley MS,6,MS,,0,0,0,0,0,0,0,1,0,0
868,Visitacion Valley MS,6,NX,,6,3,2,0,0,0,0,0,0,0
868,Visitacion Valley MS,7,GE,,1,0,0,1,1,0,0,0,0,0
868,Visitacion Valley MS,7,MM,,0,0,0,0,0,0,0,0,0,0
868,Visitacion Valley MS,7,MS,,0,0,0,0,0,0,0,0,0,0
868,Visitacion Valley MS,7,NX,,0,0,0,0,1,0,0,0,0,0
868,Visitacion Valley MS,8,GE,,0,0,0,0,0,0,0,0,0,0
868,Visitacion Valley MS,8,MM,,0,0,0,0,0,0,0,0,0,0
868,Visitacion Valley MS,8,MS,,0,0,0,0,0,0,0,0,0,0
868,Visitacion Valley MS,8,NX,,0,0,0,0,0,0,0,0,0,0
785,Wallenberg (Raoul) HS,9,GE,,76,140,212,252,227,42,14,6,3,4
785,Wallenberg (Raoul) HS,9,MM,,4,2,2,2,0,0,0,0,0,0
785,Wallenberg (Raoul) HS,10,GE,,3,5,3,5,2,2,0,0,0,0
785,Wallenberg (Raoul) HS,10,MM,,0,0,0,0,0,0,0,0,0,0
785,Wallenberg (Raoul) HS,11,GE,,5,3,5,2,0,0,0,0,0,0
785,Wallenberg (Raoul) HS,11,MM,,0,0,1,0,1,0,0,0,0,0
785,Wallenberg (Raoul) HS,12,GE,,0,2,3,0,1,0,0,0,0,0
785,Wallenberg (Raoul) HS,12,MM,,0,0,0,0,0,0,0,0,0,0
785,Wallenberg (Raoul) HS,13,CA,,3,9,3,1,1,1,0,0,0,0
571,Washington (George) HS,9,GE,,370,628,531,275,140,18,6,4,2,2
571,Washington (George) HS,9,ED,,0,1,1,1,0,1,0,0,0,0
571,Washington (George) HS,9,MM,,7,6,4,1,1,1,0,0,0,0
571,Washington (George) HS,9,MS,,0,4,2,1,0,0,0,0,0,0
571,Washington (George) HS,9,NX,,0,0,1,0,1,0,1,0,0,0
571,Washington (George) HS,10,GE,,16,18,9,5,5,0,0,0,0,0
571,Washington (George) HS,10,ED,,0,0,0,0,0,0,0,0,0,0
571,Washington (George) HS,10,MM,,0,0,0,1,0,0,0,0,0,0
571,Washington (George) HS,10,MS,,0,0,0,0,0,0,0,0,0,0
571,Washington (George) HS,10,NX,,0,0,0,0,0,0,0,0,0,0
571,Washington (George) HS,11,GE,,10,12,6,3,0,2,0,0,0,0
571,Washington (George) HS,11,ED,,0,0,0,0,0,0,0,0,0,0
571,Washington (George) HS,11,MM,,0,1,1,0,0,0,0,0,0,0
571,Washington (George) HS,11,MS,,0,0,0,0,0,0,0,0,0,0
571,Washington (George) HS,11,NX,,0,0,0,0,0,0,0,0,0,0
571,Washington (George) HS,12,GE,,7,3,2,1,1,0,0,0,0,0
571,Washington (George) HS,12,ED,,0,0,0,0,0,0,0,0,0,0
571,Washington (George) HS,12,MM,,0,0,0,0,0,0,0,0,0,0
571,Washington (George) HS,12,MS,,0,0,0,0,0,0,0,0,0,0
571,Washington (George) HS,12,NX,,0,0,0,0,0,0,0,0,0,0
497,Webster (Daniel) ES,K,GE,,24,21,21,15,11,6,1,9,2,30
497,Webster (Daniel) ES,K,SE,,27,36,16,16,11,9,5,4,5,19
497,Webster (Daniel) ES,K,SN,,13,8,8,3,5,1,0,1,3,4
497,Webster (Daniel) ES,1,GE,,1,1,2,0,0,0,0,0,0,0
497,Webster (Daniel) ES,1,SE,,5,1,1,1,0,0,0,0,1,2
497,Webster (Daniel) ES,1,SN,,0,1,0,0,0,0,0,0,0,0
497,Webster (Daniel) ES,2,GE,,0,1,0,0,0,1,0,0,0,0
497,Webster (Daniel) ES,2,SN,,1,0,0,0,0,0,0,0,0,0
497,Webster (Daniel) ES,3,GE,,1,4,1,0,0,1,0,0,0,1
497,Webster (Daniel) ES,3,SN,,2,0,0,0,0,0,0,0,0,0
497,Webster (Daniel) ES,4,GE,,1,1,1,0,0,0,0,0,0,0
497,Webster (Daniel) ES,4,SN,,0,0,0,0,1,0,0,0,0,0
497,Webster (Daniel) ES,5,GE,,1,0,1,0,0,0,1,0,0,1
497,Webster (Daniel) ES,5,SN,,1,1,0,0,0,0,0,0,0,0
876,West Portal ES,TK,GE,,126,71,68,49,38,13,6,1,4,6
876,West Portal ES,K,GE,,64,75,71,73,96,55,50,43,33,126
876,West Portal ES,K,CE,,33,39,43,36,26,23,11,10,11,57
876,West Portal ES,K,CN,,17,16,20,11,19,17,6,6,7,9
876,West Portal ES,1,GE,,2,7,5,4,8,1,1,1,1,4
876,West Portal ES,1,CE,,10,3,4,0,1,2,0,0,0,2
876,West Portal ES,1,CN,,2,0,2,0,2,0,0,0,0,1
876,West Portal ES,2,GE,,8,6,4,5,3,3,0,0,1,3
876,West Portal ES,2,CN,,3,0,1,1,0,0,0,0,0,1
876,West Portal ES,3,GE,,4,5,1,6,1,3,1,1,0,2
876,West Portal ES,3,CN,,1,1,0,1,0,0,0,0,0,0
876,West Portal ES,4,GE,,0,4,0,1,2,2,1,0,0,1
876,West Portal ES,4,CN,,0,0,0,0,0,0,0,0,0,0
876,West Portal ES,5,GE,,4,2,6,2,0,2,0,0,0,2
876,West Portal ES,5,CN,,0,0,0,0,0,0,0,0,0,0
801,Wo (Yick) ES,K,GE,,38,18,20,23,20,10,9,12,2,34
801,Wo (Yick) ES,K,SA,,3,1,1,1,2,2,0,0,0,0
801,Wo (Yick) ES,1,GE,,1,2,2,2,0,0,0,0,0,3
801,Wo (Yick) ES,1,SA,,0,0,1,0,0,0,0,0,0,0
801,Wo (Yick) ES,2,GE,,0,0,1,0,0,0,0,0,0,1
801,Wo (Yick) ES,2,SA,,0,0,0,0,0,0,0,0,0,0
801,Wo (Yick) ES,3,GE,,1,0,0,2,0,0,0,0,1,1
801,Wo (Yick) ES,3,SA,,0,0,0,0,0,0,0,0,0,0
801,Wo (Yick) ES,4,GE,,2,0,2,1,0,0,0,0,0,0
801,Wo (Yick) ES,4,SA,,0,0,0,0,1,0,0,0,0,0
801,Wo (Yick) ES,5,GE,,0,1,1,0,1,0,0,0,0,1
801,Wo (Yick) ES,5,SA,,0,0,0,0,0,0,0,0,0,0
485,Yu (Alice Fong) K-8,K,CE,,69,48,34,19,37,18,13,8,6,67
485,Yu (Alice Fong) K-8,K,CT,,67,53,48,37,20,17,10,8,8,25
485,Yu (Alice Fong) K-8,1,CE,,4,5,2,0,0,2,0,0,0,1
485,Yu (Alice Fong) K-8,1,CT,,13,0,6,1,2,1,0,0,1,1
485,Yu (Alice Fong) K-8,2,CN,,4,4,0,0,0,0,0,0,0,0
485,Yu (Alice Fong) K-8,3,CN,,6,1,1,0,0,1,0,0,0,0
485,Yu (Alice Fong) K-8,4,CN,,8,1,0,0,0,0,0,0,0,0
485,Yu (Alice Fong) K-8,5,CN,,2,1,0,0,0,0,0,0,0,0
485,Yu (Alice Fong) K-8,6,CN,,14,17,17,17,16,3,3,1,1,0
485,Yu (Alice Fong) K-8,7,CN,,0,0,0,1,0,0,0,0,0,0
485,Yu (Alice Fong) K-8,8,CN,,0,0,0,0,0,0,0,0,0,0