idSchool,SchoolName,Grade,Program code,Program Name,Total Requests,1st Choice,2nd Choice,3rd Choice,4th Choice,5th Choice,6th Choice,7th Choice,8th Choice,9th Choice,10th+,
441 ,Access SFUSD: Bay Street,13,BA,Bay Street Transition Program,1,0,0,0,0,1,0,0,0,0,0,
441 ,Access SFUSD: Bay Street,13,CA,SDC Transition Program (CAT),7,1,4,2,0,0,0,0,0,0,0,
442 ,Access SFUSD: The Arc,13,CA,SDC Transition Program (CAT),11,4,1,5,1,0,0,0,0,0,0,
413 ,Alamo ES,TK,GE,GE: General Education,227,40,40,39,30,23,10,8,3,9,25,
413 ,Alamo ES,K,GE,GE: General Education,410,50,70,63,38,48,27,13,20,11,70,
413 ,Alamo ES,1,GE,GE: General Education,11,3,1,2,2,0,1,0,1,1,0,
413 ,Alamo ES,2,GE,GE: General Education,13,6,2,1,0,1,1,1,0,0,1,
413 ,Alamo ES,3,GE,GE: General Education,18,2,3,3,0,2,2,2,1,1,2,
413 ,Alamo ES,4,GE,GE: General Education,7,1,2,2,0,1,0,0,0,0,1,
413 ,Alamo ES,5,GE,GE: General Education,8,0,1,0,1,1,1,1,1,0,2,
413 ,Alamo ES,TK,SA,SA: SDC - Extensive Services Autism Focus,6,1,3,2,0,0,0,0,0,0,0,
413 ,Alamo ES,K,SA,SA: SDC - Extensive Services Autism Focus,8,3,0,1,3,1,0,0,0,0,0,
413 ,Alamo ES,1,SA,SA: SDC - Extensive Services Autism Focus,1,1,0,0,0,0,0,0,0,0,0,
413 ,Alamo ES,2,SA,SA: SDC - Extensive Services Autism Focus,1,0,0,0,1,0,0,0,0,0,0,
420 ,Alvarado ES,TK,GE,GE: General Education,427,99,56,70,72,46,24,14,10,7,29,
420 ,Alvarado ES,K,GE,GE: General Education,343,43,60,46,39,37,25,17,17,13,46,
420 ,Alvarado ES,1,GE,GE: General Education,24,7,6,3,2,0,3,2,0,0,1,
420 ,Alvarado ES,2,GE,GE: General Education,18,3,7,3,1,1,1,0,0,0,2,
420 ,Alvarado ES,3,GE,GE: General Education,19,2,4,2,1,1,2,1,2,0,4,
420 ,Alvarado ES,4,GE,GE: General Education,14,2,1,2,2,3,2,0,0,0,2,
420 ,Alvarado ES,5,GE,GE: General Education,7,2,0,0,2,0,0,0,1,1,1,
420 ,Alvarado ES,K,MS,MS: SDC - Extensive Services,9,5,1,1,1,1,0,0,0,0,0,
420 ,Alvarado ES,2,MS,MS: SDC - Extensive Services,1,1,0,0,0,0,0,0,0,0,0,
420 ,Alvarado ES,3,MS,MS: SDC - Extensive Services,1,0,1,0,0,0,0,0,0,0,0,
420 ,Alvarado ES,K,SE,SE: Spanish Immersion (Non-Native),264,60,45,35,27,24,19,14,6,8,26,
420 ,Alvarado ES,1,SE,SE: Spanish Immersion (Non-Native),18,9,2,1,2,1,1,1,0,0,1,
420 ,Alvarado ES,K,SN,SN: Spanish Immersion (Spanish Speakers),110,42,23,16,8,12,6,0,2,0,1,
420 ,Alvarado ES,1,SN,SN: Spanish Immersion (Spanish Speakers),11,9,0,0,1,1,0,0,0,0,0,
420 ,Alvarado ES,2,SN,SN: Spanish Immersion (Spanish Speakers),6,3,0,2,0,1,0,0,0,0,0,
420 ,Alvarado ES,3,SN,SN: Spanish Immersion (Spanish Speakers),10,2,2,4,0,2,0,0,0,0,0,
420 ,Alvarado ES,4,SN,SN: Spanish Immersion (Spanish Speakers),4,3,0,1,0,0,0,0,0,0,0,
420 ,Alvarado ES,5,SN,SN: Spanish Immersion (Spanish Speakers),3,0,1,1,0,1,0,0,0,0,0,
431 ,Aptos MS,6,GE,GE: General Education,1031,282,241,184,159,89,32,23,11,4,6,
431 ,Aptos MS,7,GE,GE: General Education,41,8,8,8,4,6,3,2,2,0,0,
431 ,Aptos MS,8,GE,GE: General Education,9,2,3,2,1,1,0,0,0,0,0,
431 ,Aptos MS,6,MM,MM: SDC - Mild to Moderate,15,4,5,0,2,2,1,1,0,0,0,
431 ,Aptos MS,6,MN,MN: Mandarin Immersion (Mandarin Speakers),63,41,13,5,2,0,2,0,0,0,0,
431 ,Aptos MS,7,MN,MN: Mandarin Immersion (Mandarin Speakers),2,2,0,0,0,0,0,0,0,0,0,
431 ,Aptos MS,8,MN,MN: Mandarin Immersion (Mandarin Speakers),1,0,0,0,0,0,1,0,0,0,0,
431 ,Aptos MS,6,SA,SA: SDC - Extensive Services Autism Focus,6,1,2,1,1,0,1,0,0,0,0,
903 ,Argonne EES,TK,GE,GE: General Education,222,41,47,32,25,23,13,9,7,4,21,
435 ,Argonne ES,K,AF,AF: SDC - Mild/Mod Autism Focus,9,1,5,0,1,1,0,0,1,0,0,
435 ,Argonne ES,1,AF,AF: SDC - Mild/Mod Autism Focus,4,3,0,0,0,0,1,0,0,0,0,
435 ,Argonne ES,TK,GE,GE: General Education,246,29,52,43,28,22,13,12,14,12,21,
435 ,Argonne ES,K,GE,GE: General Education,395,43,66,55,39,54,21,14,13,17,73,
435 ,Argonne ES,1,GE,GE: General Education,11,0,3,0,0,1,2,1,1,1,2,
435 ,Argonne ES,2,GE,GE: General Education,9,5,1,1,1,0,0,0,0,0,1,
435 ,Argonne ES,3,GE,GE: General Education,13,2,1,1,3,1,2,0,1,0,2,
435 ,Argonne ES,4,GE,GE: General Education,7,0,3,2,1,0,0,1,0,0,0,
435 ,Argonne ES,5,GE,GE: General Education,9,0,0,3,3,0,0,0,1,0,2,
815 ,Asawa (Ruth) SOTA HS,13,CA,SDC Transition Program (CAT),1,0,0,0,1,0,0,0,0,0,0,
815 ,Asawa (Ruth) SOTA HS,9,GE,GE: General Education,571,379,84,47,33,23,4,1,0,0,0,
815 ,Asawa (Ruth) SOTA HS,10,GE,GE: General Education,24,20,2,1,0,1,0,0,0,0,0,
815 ,Asawa (Ruth) SOTA HS,11,GE,GE: General Education,8,7,0,0,1,0,0,0,0,0,0,
815 ,Asawa (Ruth) SOTA HS,12,GE,GE: General Education,1,0,0,1,0,0,0,0,0,0,0,
815 ,Asawa (Ruth) SOTA HS,9,MM,MM: SDC - Mild to Moderate,12,4,1,4,2,1,0,0,0,0,0,
815 ,Asawa (Ruth) SOTA HS,10,MM,MM: SDC - Mild to Moderate,1,0,1,0,0,0,0,0,0,0,0,
439 ,Balboa HS,13,CA,SDC Transition Program (CAT),24,7,10,5,1,1,0,0,0,0,0,
439 ,Balboa HS,9,GE,GE: General Education,1588,307,322,359,335,202,44,9,6,1,3,
439 ,Balboa HS,10,GE,GE: General Education,22,7,4,6,4,0,1,0,0,0,0,
439 ,Balboa HS,11,GE,GE: General Education,20,7,1,5,4,2,1,0,0,0,0,
439 ,Balboa HS,12,GE,GE: General Education,8,3,0,4,0,1,0,0,0,0,0,
439 ,Balboa HS,9,MM,MM: SDC - Mild to Moderate,34,11,7,8,5,1,0,1,0,0,1,
439 ,Balboa HS,12,MM,SDC Transition Program (CAT),1,0,0,0,0,1,0,0,0,0,0,
439 ,Balboa HS,9,MS,MS: SDC - Extensive Services,5,1,2,1,0,1,0,0,0,0,0,
858 ,Brown Jr. (Willie) MS,6,GE,GE: General Education,352,111,73,56,50,34,13,4,5,2,4,
858 ,Brown Jr. (Willie) MS,7,GE,GE: General Education,10,7,2,0,0,0,0,0,0,1,0,
858 ,Brown Jr. (Willie) MS,8,GE,GE: General Education,6,0,2,2,1,1,0,0,0,0,0,
858 ,Brown Jr. (Willie) MS,6,MM,MM: SDC - Mild to Moderate,6,0,2,1,1,1,1,0,0,0,0,
456 ,Bryant ES,TK,GE,GE: General Education,54,6,7,10,9,10,2,3,2,1,4,
456 ,Bryant ES,K,GE,GE: General Education,44,4,11,9,4,4,2,2,1,1,6,
456 ,Bryant ES,1,GE,GE: General Education,2,1,0,1,0,0,0,0,0,0,0,
456 ,Bryant ES,2,GE,SDC Transition Program (CAT),2,0,1,0,1,0,0,0,0,0,0,
456 ,Bryant ES,5,GE,GE: General Education,1,0,0,1,0,0,0,0,0,0,0,
456 ,Bryant ES,TK,SB,SB: Spanish Biliteracy,18,3,3,1,6,2,0,0,0,0,3,
456 ,Bryant ES,K,SB,SB: Spanish Biliteracy,54,17,13,10,6,4,1,1,0,1,1,
456 ,Bryant ES,2,SB,SB: Spanish Biliteracy,5,3,1,0,1,0,0,0,0,0,0,
456 ,Bryant ES,3,SB,SB: Spanish Biliteracy,2,1,1,0,0,0,0,0,0,0,0,
456 ,Bryant ES,4,SB,SB: Spanish Biliteracy,3,2,0,1,0,0,0,0,0,0,0,
618 ,Buena Vista Horace Mann K-8,K,MM,MM: SDC - Mild to Moderate,6,0,2,1,0,1,1,0,1,0,0,
618 ,Buena Vista Horace Mann K-8,1,MM,MM: SDC - Mild to Moderate,1,1,0,0,0,0,0,0,0,0,0,
618 ,Buena Vista Horace Mann K-8,K,SE,SE: Spanish Immersion (Non-Native),75,16,10,9,11,8,4,5,1,2,9,
618 ,Buena Vista Horace Mann K-8,1,SE,SE: Spanish Immersion (Non-Native),3,1,1,0,1,0,0,0,0,0,0,
618 ,Buena Vista Horace Mann K-8,K,SN,SN: Spanish Immersion (Spanish Speakers),65,15,11,14,7,8,5,2,0,1,2,
618 ,Buena Vista Horace Mann K-8,1,SN,SN: Spanish Immersion (Spanish Speakers),3,2,1,0,0,0,0,0,0,0,0,
618 ,Buena Vista Horace Mann K-8,2,SN,SN: Spanish Immersion (Spanish Speakers),7,3,1,2,1,0,0,0,0,0,0,
618 ,Buena Vista Horace Mann K-8,3,SN,SN: Spanish Immersion (Spanish Speakers),10,6,1,1,1,0,1,0,0,0,0,
618 ,Buena Vista Horace Mann K-8,4,SN,SN: Spanish Immersion (Spanish Speakers),8,4,1,1,0,1,1,0,0,0,0,
618 ,Buena Vista Horace Mann K-8,5,SN,SN: Spanish Immersion (Spanish Speakers),9,6,1,0,1,0,1,0,0,0,0,
618 ,Buena Vista Horace Mann K-8,6,SN,SN: Spanish Immersion (Spanish Speakers),134,55,22,36,10,6,2,2,0,0,1,
618 ,Buena Vista Horace Mann K-8,7,SN,SN: Spanish Immersion (Spanish Speakers),1,1,0,0,0,0,0,0,0,0,0,
618 ,Buena Vista Horace Mann K-8,8,SN,SN: Spanish Immersion (Spanish Speakers),1,1,0,0,0,0,0,0,0,0,0,
764 ,Burton (Phillip and Sala) HS,13,CA,SDC Transition Program (CAT),12,4,1,4,1,0,2,0,0,0,0,
764 ,Burton (Phillip and Sala) HS,9,GE,GE: General Education,668,146,164,126,88,80,27,20,12,2,3,
764 ,Burton (Phillip and Sala) HS,10,GE,GE: General Education,8,2,4,0,0,2,0,0,0,0,0,
764 ,Burton (Phillip and Sala) HS,11,GE,GE: General Education,8,2,0,1,2,1,0,1,1,0,0,
764 ,Burton (Phillip and Sala) HS,12,GE,GE: General Education,3,0,0,1,2,0,0,0,0,0,0,
764 ,Burton (Phillip and Sala) HS,9,MM,MM: SDC - Mild to Moderate,21,6,4,5,3,2,1,0,0,0,0,
764 ,Burton (Phillip and Sala) HS,12,MM,MM: SDC - Mild to Moderate,1,0,0,1,0,0,0,0,0,0,0,
764 ,Burton (Phillip and Sala) HS,9,MS,MS: SDC - Extensive Services,4,2,0,0,2,0,0,0,0,0,0,
449 ,Carmichael (Bessie) K-8,K,FB,FB: Filipino FLES,15,8,2,0,3,0,0,1,1,0,0,
449 ,Carmichael (Bessie) K-8,4,FB,FB: Filipino FLES,2,1,1,0,0,0,0,0,0,0,0,
449 ,Carmichael (Bessie) K-8,TK,GE,GE: General Education,47,23,12,1,4,2,0,0,0,2,3,
449 ,Carmichael (Bessie) K-8,K,GE,GE: General Education,50,19,10,4,6,2,1,1,2,0,5,
449 ,Carmichael (Bessie) K-8,1,GE,GE: General Education,2,1,1,0,0,0,0,0,0,0,0,
449 ,Carmichael (Bessie) K-8,2,GE,GE: General Education,6,3,2,1,0,0,0,0,0,0,0,
449 ,Carmichael (Bessie) K-8,4,GE,GE: General Education,5,4,1,0,0,0,0,0,0,0,0,
449 ,Carmichael (Bessie) K-8,5,GE,GE: General Education,3,1,1,0,0,1,0,0,0,0,0,
449 ,Carmichael (Bessie) K-8,6,GE,GE: General Education,75,18,17,10,10,10,6,2,0,0,2,
449 ,Carmichael (Bessie) K-8,7,GE,GE: General Education,2,0,1,1,0,0,0,0,0,0,0,
449 ,Carmichael (Bessie) K-8,8,GE,GE: General Education,1,1,0,0,0,0,0,0,0,0,0,
625 ,Carver (Dr George W) ES,TK,GE,GE: General Education,19,4,5,4,0,2,2,0,0,1,1,
625 ,Carver (Dr George W) ES,K,GE,GE: General Education,25,12,6,2,3,1,0,0,0,0,1,
625 ,Carver (Dr George W) ES,1,GE,GE: General Education,1,0,0,1,0,0,0,0,0,0,0,
625 ,Carver (Dr George W) ES,4,GE,GE: General Education,3,0,0,3,0,0,0,0,0,0,0,
603 ,Chavez (Cesar) ES,TK,GE,GE: General Education,62,11,11,6,8,8,4,3,0,2,9,
603 ,Chavez (Cesar) ES,K,GE,GE: General Education,70,5,13,15,9,11,5,1,4,1,6,
603 ,Chavez (Cesar) ES,1,GE,GE: General Education,6,2,3,1,0,0,0,0,0,0,0,
603 ,Chavez (Cesar) ES,2,GE,GE: General Education,4,1,0,1,0,0,1,0,0,0,1,
603 ,Chavez (Cesar) ES,4,GE,GE: General Education,2,0,1,0,0,0,1,0,0,0,0,
603 ,Chavez (Cesar) ES,5,GE,GE: General Education,1,1,0,0,0,0,0,0,0,0,0,
603 ,Chavez (Cesar) ES,K,SB,SB: Spanish Biliteracy,82,28,18,11,16,4,1,2,1,1,0,
603 ,Chavez (Cesar) ES,1,SB,SB: Spanish Biliteracy,4,0,3,1,0,0,0,0,0,0,0,
603 ,Chavez (Cesar) ES,2,SB,SB: Spanish Biliteracy,5,1,1,1,1,1,0,0,0,0,0,
603 ,Chavez (Cesar) ES,3,SB,SB: Spanish Biliteracy,7,0,2,2,1,2,0,0,0,0,0,
603 ,Chavez (Cesar) ES,4,SB,SB: Spanish Biliteracy,10,1,3,3,1,2,0,0,0,0,0,
603 ,Chavez (Cesar) ES,5,SB,SB: Spanish Biliteracy,5,1,0,3,0,1,0,0,0,0,0,
872 ,Chin (John Yehall) ES,K,GE,GE: General Education,143,33,22,24,18,10,8,2,2,6,18,
872 ,Chin (John Yehall) ES,1,GE,SDC Transition Program (CAT),6,1,4,0,0,0,0,0,0,0,1,
872 ,Chin (John Yehall) ES,2,GE,GE: General Education,4,1,1,0,0,0,1,1,0,0,0,
872 ,Chin (John Yehall) ES,3,GE,GE: General Education,2,1,0,0,0,0,0,0,0,0,1,
872 ,Chin (John Yehall) ES,4,GE,GE: General Education,3,1,1,0,0,0,1,0,0,0,0,
872 ,Chin (John Yehall) ES,5,GE,GE: General Education,3,1,1,0,0,0,0,0,0,0,1,
509 ,Chinese Immersion School at DeAvila ES,TK,CE,CE: Cantonese Immersion (All English),177,62,19,19,23,20,6,3,6,6,13,
509 ,Chinese Immersion School at DeAvila ES,K,CE,CE: Cantonese Immersion (All English),204,41,39,34,21,14,19,5,7,5,19,
509 ,Chinese Immersion School at DeAvila ES,1,CE,CE: Cantonese Immersion (All English),15,6,3,1,2,2,0,0,0,1,0,
509 ,Chinese Immersion School at DeAvila ES,TK,CN,CN: Cantonese Immersion (Cantonese Speakers),66,44,11,6,1,1,1,1,0,0,1,
509 ,Chinese Immersion School at DeAvila ES,K,CN,CN: Cantonese Immersion (Cantonese Speakers),122,38,19,28,11,8,2,4,3,0,9,
509 ,Chinese Immersion School at DeAvila ES,1,CN,CN: Cantonese Immersion (Cantonese Speakers),1,1,0,0,0,0,0,0,0,0,0,
509 ,Chinese Immersion School at DeAvila ES,2,CN,CN: Cantonese Immersion (Cantonese Speakers),3,2,1,0,0,0,0,0,0,0,0,
509 ,Chinese Immersion School at DeAvila ES,3,CN,CN: Cantonese Immersion (Cantonese Speakers),3,3,0,0,0,0,0,0,0,0,0,
509 ,Chinese Immersion School at DeAvila ES,4,CN,CN: Cantonese Immersion (Cantonese Speakers),3,1,0,1,1,0,0,0,0,0,0,
478 ,Clarendon ES,TK,GE,GE: General Education,473,104,74,70,52,56,42,26,19,8,22,
478 ,Clarendon ES,K,GE,GE: General Education,550,62,102,76,71,58,48,20,27,29,57,
478 ,Clarendon ES,1,GE,GE: General Education,34,8,7,5,5,5,0,0,2,0,2,
478 ,Clarendon ES,2,GE,GE: General Education,25,4,9,6,1,3,2,0,0,0,0,
478 ,Clarendon ES,3,GE,GE: General Education,30,5,7,2,6,0,2,1,0,0,7,
478 ,Clarendon ES,4,GE,GE: General Education,20,1,4,5,4,4,1,0,0,1,0,
478 ,Clarendon ES,5,GE,GE: General Education,13,3,2,2,1,1,0,0,0,0,4,
478 ,Clarendon ES,1,JB,JB: Japanese Bilingual Bicultural Prgram,17,8,4,2,2,0,1,0,0,0,0,
478 ,Clarendon ES,2,JB,JB: Japanese Bilingual Bicultural Prgram,6,2,1,2,0,0,0,0,1,0,0,
478 ,Clarendon ES,3,JB,JB: Japanese Bilingual Bicultural Prgram,9,1,4,0,2,0,0,0,0,1,1,
478 ,Clarendon ES,4,JB,JB: Japanese Bilingual Bicultural Prgram,9,3,2,1,2,1,0,0,0,0,0,
478 ,Clarendon ES,5,JB,JB: Japanese Bilingual Bicultural Prgram,1,0,0,1,0,0,0,0,0,0,0,
478 ,Clarendon ES,K,JE,JE: Japanese Bilingual Bicultural Program - English C,264,58,42,38,36,30,17,8,5,10,20,
478 ,Clarendon ES,K,JN,JN: Japanese Bilingual Bicultural Program - Japanes,13,8,2,2,1,0,0,0,0,0,0,
478 ,Clarendon ES,K,MM,MM: SDC - Mild to Moderate,18,7,5,1,2,1,2,0,0,0,0,
478 ,Clarendon ES,1,MM,MM: SDC - Mild to Moderate,1,0,0,0,1,0,0,0,0,0,0,
478 ,Clarendon ES,2,MM,MM: SDC - Mild to Moderate,2,0,0,1,0,0,0,0,0,0,1,
481 ,Cleveland ES,K,GE,GE: General Education,45,6,11,5,9,6,2,1,1,0,4,
481 ,Cleveland ES,2,GE,GE: General Education,1,0,0,0,1,0,0,0,0,0,0,
481 ,Cleveland ES,3,GE,GE: General Education,1,0,1,0,0,0,0,0,0,0,0,
481 ,Cleveland ES,4,GE,GE: General Education,3,0,1,1,1,0,0,0,0,0,0,
481 ,Cleveland ES,5,GE,GE: General Education,1,0,0,0,1,0,0,0,0,0,0,
481 ,Cleveland ES,K,SB,SB: Spanish Biliteracy,44,9,9,15,7,2,1,0,0,0,1,
481 ,Cleveland ES,3,SB,SB: Spanish Biliteracy,1,1,0,0,0,0,0,0,0,0,0,
481 ,Cleveland ES,4,SB,SB: Spanish Biliteracy,2,1,1,0,0,0,0,0,0,0,0,
525 ,Cobb (Dr William L) ES,TK,GE,GE: General Education,78,10,10,9,11,11,5,5,2,2,13,
525 ,Cobb (Dr William L) ES,K,GE,GE: General Education,91,10,8,10,20,10,3,3,0,6,21,
525 ,Cobb (Dr William L) ES,1,GE,GE: General Education,7,1,0,3,1,0,0,0,0,1,1,
525 ,Cobb (Dr William L) ES,2,GE,GE: General Education,4,0,1,2,0,0,0,0,0,0,1,
525 ,Cobb (Dr William L) ES,3,GE,GE: General Education,5,0,0,0,0,2,0,0,0,0,3,
525 ,Cobb (Dr William L) ES,4,GE,GE: General Education,3,1,1,1,0,0,0,0,0,0,0,
525 ,Cobb (Dr William L) ES,5,GE,GE: General Education,2,0,0,0,0,1,0,0,0,0,1,
632 ,Denman (James) MS,6,AF,AF: SDC - Mild/Mod Autism Focus,13,7,1,1,1,1,2,0,0,0,0,
632 ,Denman (James) MS,6,ED,ED: SDC - SOAR,3,2,1,0,0,0,0,0,0,0,0,
632 ,Denman (James) MS,6,GE,GE: General Education,563,197,115,91,56,53,29,9,6,1,6,
632 ,Denman (James) MS,7,GE,GE: General Education,14,7,3,2,1,0,0,0,0,0,1,
632 ,Denman (James) MS,8,GE,GE: General Education,5,0,0,1,2,2,0,0,0,0,0,
632 ,Denman (James) MS,6,MM,MM: SDC - Mild to Moderate,13,5,3,1,1,2,1,0,0,0,0,
632 ,Denman (James) MS,7,MM,MM: SDC - Mild to Moderate,1,1,0,0,0,0,0,0,0,0,0,
507 ,Drew (Dr Charles) College Preparatory Academy ES,TK,GE,GE: General Education,34,13,4,7,2,3,0,1,1,1,2,
507 ,Drew (Dr Charles) College Preparatory Academy ES,K,GE,GE: General Education,42,18,8,7,4,1,1,0,0,1,2,
507 ,Drew (Dr Charles) College Preparatory Academy ES,1,GE,GE: General Education,2,1,0,0,1,0,0,0,0,0,0,
507 ,Drew (Dr Charles) College Preparatory Academy ES,2,GE,GE: General Education,1,1,0,0,0,0,0,0,0,0,0,
507 ,Drew (Dr Charles) College Preparatory Academy ES,4,GE,GE: General Education,2,0,2,0,0,0,0,0,0,0,0,
507 ,Drew (Dr Charles) College Preparatory Academy ES,5,GE,GE: General Education,1,0,1,0,0,0,0,0,0,0,0,
521 ,El Dorado ES,TK,AF,AF: SDC - Mild/Mod Autism Focus,8,5,2,0,0,1,0,0,0,0,0,
521 ,El Dorado ES,K,AF,AF: SDC - Mild/Mod Autism Focus,6,1,2,1,2,0,0,0,0,0,0,
521 ,El Dorado ES,1,AF,AF: SDC - Mild/Mod Autism Focus,1,0,0,1,0,0,0,0,0,0,0,
521 ,El Dorado ES,2,AF,AF: SDC - Mild/Mod Autism Focus,1,0,1,0,0,0,0,0,0,0,0,
521 ,El Dorado ES,TK,GE,GE: General Education,27,5,5,7,0,3,2,0,0,0,5,
521 ,El Dorado ES,K,GE,GE: General Education,35,6,11,5,4,7,0,0,0,0,2,
521 ,El Dorado ES,1,GE,GE: General Education,5,2,3,0,0,0,0,0,0,0,0,
521 ,El Dorado ES,2,GE,GE: General Education,4,3,0,1,0,0,0,0,0,0,0,
521 ,El Dorado ES,3,GE,GE: General Education,2,1,0,0,1,0,0,0,0,0,0,
521 ,El Dorado ES,4,GE,GE: General Education,3,1,1,0,1,0,0,0,0,0,0,
521 ,El Dorado ES,5,GE,GE: General Education,1,1,0,0,0,0,0,0,0,0,0,
529 ,Everett MS,6,AF,AF: SDC - Mild/Mod Autism Focus,10,1,4,2,3,0,0,0,0,0,0,
529 ,Everett MS,6,GE,GE: General Education,209,42,54,32,30,22,9,8,3,2,7,
529 ,Everett MS,7,GE,GE: General Education,7,0,0,1,1,2,0,1,0,0,2,
529 ,Everett MS,8,GE,GE: General Education,4,2,0,0,0,1,0,0,0,1,0,
529 ,Everett MS,6,MM,MM: SDC - Mild to Moderate,8,4,1,1,0,0,1,1,0,0,0,
529 ,Everett MS,6,NX,NX: Newcomer Program,11,5,3,1,2,0,0,0,0,0,0,
529 ,Everett MS,7,NX,NX: Newcomer Program,2,1,1,0,0,0,0,0,0,0,0,
529 ,Everett MS,8,SN,SN: Spanish Immersion (Spanish Speakers),1,0,1,0,0,0,0,0,0,0,0,
539 ,Feinstein (Dianne) ES,TK,GE,GE: General Education,309,34,33,43,50,48,24,18,13,13,33,
539 ,Feinstein (Dianne) ES,K,GE,GE: General Education,304,17,12,24,35,42,32,29,10,22,81,
539 ,Feinstein (Dianne) ES,1,GE,GE: General Education,10,3,1,3,1,1,0,0,0,0,1,
539 ,Feinstein (Dianne) ES,2,GE,GE: General Education,10,0,1,1,2,3,1,0,0,0,2,
539 ,Feinstein (Dianne) ES,3,GE,GE: General Education,8,0,0,1,0,2,0,1,2,1,1,
539 ,Feinstein (Dianne) ES,4,GE,GE: General Education,9,1,3,0,4,1,0,0,0,0,0,
539 ,Feinstein (Dianne) ES,5,GE,GE: General Education,10,0,0,0,1,2,2,0,1,2,2,
680 ,Flynn (Leonard R) ES,TK,GE,GE: General Education,134,11,22,26,23,12,9,5,4,7,15,
680 ,Flynn (Leonard R) ES,K,GE,GE: General Education,98,9,18,6,13,6,13,7,5,1,20,
680 ,Flynn (Leonard R) ES,1,GE,GE: General Education,3,1,0,1,0,1,0,0,0,0,0,
680 ,Flynn (Leonard R) ES,2,GE,GE: General Education,5,0,1,0,0,1,0,0,1,1,1,
680 ,Flynn (Leonard R) ES,3,GE,GE: General Education,4,0,1,1,0,0,0,0,0,0,2,
680 ,Flynn (Leonard R) ES,4,GE,GE: General Education,3,0,0,0,0,0,1,2,0,0,0,
680 ,Flynn (Leonard R) ES,5,GE,GE: General Education,3,0,1,0,1,0,0,0,0,0,1,
680 ,Flynn (Leonard R) ES,TK,SE,SE: Spanish Immersion (Non-Native),121,31,27,19,11,10,4,6,3,1,9,
680 ,Flynn (Leonard R) ES,K,SE,SE: Spanish Immersion (Non-Native),92,21,12,18,10,4,7,4,4,4,8,
680 ,Flynn (Leonard R) ES,1,SE,SE: Spanish Immersion (Non-Native),4,0,2,1,1,0,0,0,0,0,0,
680 ,Flynn (Leonard R) ES,TK,SN,SN: Spanish Immersion (Spanish Speakers),57,19,11,18,1,1,6,0,0,1,0,
680 ,Flynn (Leonard R) ES,K,SN,SN: Spanish Immersion (Spanish Speakers),77,14,4,24,15,10,4,3,2,0,1,
680 ,Flynn (Leonard R) ES,1,SN,SN: Spanish Immersion (Spanish Speakers),2,1,1,0,0,0,0,0,0,0,0,
680 ,Flynn (Leonard R) ES,2,SN,SN: Spanish Immersion (Spanish Speakers),2,0,0,1,1,0,0,0,0,0,0,
680 ,Flynn (Leonard R) ES,3,SN,SN: Spanish Immersion (Spanish Speakers),5,2,2,0,1,0,0,0,0,0,0,
680 ,Flynn (Leonard R) ES,4,SN,SN: Spanish Immersion (Spanish Speakers),4,1,2,0,1,0,0,0,0,0,0,
680 ,Flynn (Leonard R) ES,5,SN,SN: Spanish Immersion (Spanish Speakers),3,1,1,0,1,0,0,0,0,0,0,
546 ,Francisco MS,6,ED,ED: SDC - SOAR,2,0,0,2,0,0,0,0,0,0,0,
546 ,Francisco MS,6,GE,GE: General Education,352,101,88,59,30,43,10,10,3,4,4,
546 ,Francisco MS,7,GE,GE: General Education,9,1,0,2,2,1,2,0,0,0,1,
546 ,Francisco MS,8,GE,GE: General Education,4,2,1,0,0,1,0,0,0,0,0,
546 ,Francisco MS,6,MM,MM: SDC - Mild to Moderate,3,0,1,2,0,0,0,0,0,0,0,
546 ,Francisco MS,6,NX,NX: Newcomer Program,12,6,2,4,0,0,0,0,0,0,0,
546 ,Francisco MS,6,SA,SA: SDC - Extensive Services Autism Focus,3,2,0,0,1,0,0,0,0,0,0,
559 ,Galileo HS,9,AF,AF: SDC - Mild/Mod Autism Focus,8,1,2,5,0,0,0,0,0,0,0,
559 ,Galileo HS,13,CA,SDC Transition Program (CAT),10,2,5,1,2,0,0,0,0,0,0,
559 ,Galileo HS,9,ED,ED: SDC - SOAR,5,1,0,2,1,1,0,0,0,0,0,
559 ,Galileo HS,12,ED,ED: SDC - SOAR,1,0,0,1,0,0,0,0,0,0,0,
559 ,Galileo HS,9,GE,GE: General Education,1359,204,223,314,325,222,54,11,2,3,1,
559 ,Galileo HS,10,GE,GE: General Education,28,4,6,11,4,3,0,0,0,0,0,
559 ,Galileo HS,11,GE,GE: General Education,24,3,6,4,9,1,1,0,0,0,0,
559 ,Galileo HS,12,GE,GE: General Education,6,0,3,1,2,0,0,0,0,0,0,
559 ,Galileo HS,9,MM,MM: SDC - Mild to Moderate,27,5,4,7,4,5,1,0,1,0,0,
559 ,Galileo HS,9,MS,MS: SDC - Extensive Services,7,0,3,2,2,0,0,0,0,0,0,
559 ,Galileo HS,11,MS,MS: SDC - Extensive Services,1,1,0,0,0,0,0,0,0,0,0,
559 ,Galileo HS,9,NX,NX: Newcomer Program,46,22,10,6,2,5,1,0,0,0,0,
559 ,Galileo HS,10,NX,NX: Newcomer Program,2,1,0,0,1,0,0,0,0,0,0,
559 ,Galileo HS,11,NX,NX: Newcomer Program,1,1,0,0,0,0,0,0,0,0,0,
559 ,Galileo HS,12,NX,NX: Newcomer Program,1,0,1,0,0,0,0,0,0,0,0,
562 ,Garfield ES,K,AF,AF: SDC - Mild/Mod Autism Focus,7,1,2,0,0,3,0,1,0,0,0,
562 ,Garfield ES,1,AF,AF: SDC - Mild/Mod Autism Focus,3,0,0,0,2,1,0,0,0,0,0,
562 ,Garfield ES,K,CE,CE: Cantonese Immersion (All English),26,4,1,3,5,3,1,4,1,0,4,
562 ,Garfield ES,1,CE,CE: Cantonese Immersion (All English),3,1,0,1,0,1,0,0,0,0,0,
562 ,Garfield ES,K,CN,CN: Cantonese Immersion (Cantonese Speakers),17,3,0,3,1,3,4,0,0,0,3,
562 ,Garfield ES,3,CN,CN: Cantonese Immersion (Cantonese Speakers),1,0,1,0,0,0,0,0,0,0,0,
562 ,Garfield ES,TK,GE,GE: General Education,52,17,4,7,7,4,2,2,1,3,5,
562 ,Garfield ES,K,GE,GE: General Education,62,8,9,12,5,8,3,3,2,1,11,
562 ,Garfield ES,1,GE,GE: General Education,3,0,1,0,0,1,0,0,0,0,1,
562 ,Garfield ES,2,GE,GE: General Education,3,0,0,0,0,0,0,0,1,0,2,
562 ,Garfield ES,3,GE,GE: General Education,2,1,0,0,0,0,0,0,0,0,1,
562 ,Garfield ES,4,GE,GE: General Education,2,0,0,1,0,0,0,1,0,0,0,
562 ,Garfield ES,5,GE,GE: General Education,1,0,0,0,0,0,0,0,0,0,1,
404 ,Giannini (A.P.) MS,6,AF,AF: SDC - Mild/Mod Autism Focus,18,10,5,3,0,0,0,0,0,0,0,
404 ,Giannini (A.P.) MS,7,AF,AF: SDC - Mild/Mod Autism Focus,1,0,1,0,0,0,0,0,0,0,0,
404 ,Giannini (A.P.) MS,6,GE,GE: General Education,1563,627,333,317,158,90,22,10,4,1,1,
404 ,Giannini (A.P.) MS,7,GE,GE: General Education,72,39,17,9,2,3,1,1,0,0,0,
404 ,Giannini (A.P.) MS,8,GE,GE: General Education,20,9,2,2,5,1,0,0,0,0,1,
404 ,Giannini (A.P.) MS,6,MM,MM: SDC - Mild to Moderate,17,6,5,4,2,0,0,0,0,0,0,
404 ,Giannini (A.P.) MS,6,MS,MS: SDC - Extensive Services,3,2,0,1,0,0,0,0,0,0,0,
404 ,Giannini (A.P.) MS,8,MS,MS: SDC - Extensive Services,1,1,0,0,0,0,0,0,0,0,0,
404 ,Giannini (A.P.) MS,6,SA,SA: SDC - Extensive Services Autism Focus,6,4,2,0,0,0,0,0,0,0,0,
575 ,Glen Park ES,K,GE,GE: General Education,278,39,36,30,40,32,11,22,13,13,42,
575 ,Glen Park ES,1,GE,GE: General Education,12,2,2,2,2,1,0,1,0,0,2,
575 ,Glen Park ES,2,GE,GE: General Education,8,3,2,1,0,2,0,0,0,0,0,
575 ,Glen Park ES,3,GE,GE: General Education,19,3,6,1,1,1,3,0,2,1,1,
575 ,Glen Park ES,4,GE,GE: General Education,6,2,0,1,0,1,0,0,1,1,0,
575 ,Glen Park ES,5,GE,GE: General Education,2,0,1,0,0,1,0,0,0,0,0,
575 ,Glen Park ES,K,SA,SA: SDC - Extensive Services Autism Focus,6,4,0,1,0,1,0,0,0,0,0,
575 ,Glen Park ES,2,SA,SA: SDC - Extensive Services Autism Focus,1,1,0,0,0,0,0,0,0,0,0,
575 ,Glen Park ES,K,SB,SB: Spanish Biliteracy,24,4,3,5,5,3,0,2,0,1,1,
575 ,Glen Park ES,3,SB,SB: Spanish Biliteracy,2,0,2,0,0,0,0,0,0,0,0,
589 ,Grattan ES,TK,GE,GE: General Education,341,58,47,36,41,42,27,29,20,9,32,
589 ,Grattan ES,K,GE,GE: General Education,476,82,39,54,55,53,35,36,27,19,76,
589 ,Grattan ES,1,GE,GE: General Education,25,2,2,6,9,1,3,0,2,0,0,
589 ,Grattan ES,2,GE,GE: General Education,19,0,2,1,5,4,2,2,1,1,1,
589 ,Grattan ES,3,GE,GE: General Education,25,3,3,4,6,4,3,0,1,0,1,
589 ,Grattan ES,4,GE,GE: General Education,17,2,3,4,4,0,1,0,0,1,2,
589 ,Grattan ES,5,GE,GE: General Education,22,7,1,4,5,2,0,0,2,0,1,
589 ,Grattan ES,TK,SA,SA: SDC - Extensive Services Autism Focus,5,4,1,0,0,0,0,0,0,0,0,
589 ,Grattan ES,K,SA,SA: SDC - Extensive Services Autism Focus,4,0,2,2,0,0,0,0,0,0,0,
589 ,Grattan ES,2,SA,SA: SDC - Extensive Services Autism Focus,1,1,0,0,0,0,0,0,0,0,0,
589 ,Grattan ES,3,SA,SA: SDC - Extensive Services Autism Focus,1,1,0,0,0,0,0,0,0,0,0,
593 ,Guadalupe ES,TK,GE,GE: General Education,63,21,7,8,6,8,1,2,0,0,10,
593 ,Guadalupe ES,K,GE,GE: General Education,56,13,10,4,11,6,3,2,1,2,4,
593 ,Guadalupe ES,4,GE,GE: General Education,3,0,2,0,0,0,0,0,0,0,1,
593 ,Guadalupe ES,5,GE,GE: General Education,1,1,0,0,0,0,0,0,0,0,0,
593 ,Guadalupe ES,K,SB,SB: Spanish Biliteracy,36,17,4,7,3,2,2,0,1,0,0,
593 ,Guadalupe ES,2,SB,SB: Spanish Biliteracy,2,2,0,0,0,0,0,0,0,0,0,
453 ,Harte (Bret) ES,TK,GE,GE: General Education,23,7,4,1,6,2,0,0,1,2,0,
453 ,Harte (Bret) ES,K,GE,GE: General Education,29,10,9,5,2,2,0,0,0,0,1,
453 ,Harte (Bret) ES,1,GE,GE: General Education,1,0,1,0,0,0,0,0,0,0,0,
453 ,Harte (Bret) ES,2,GE,GE: General Education,2,2,0,0,0,0,0,0,0,0,0,
453 ,Harte (Bret) ES,3,GE,GE: General Education,1,0,1,0,0,0,0,0,0,0,0,
453 ,Harte (Bret) ES,4,GE,GE: General Education,3,0,2,0,0,0,0,0,0,0,1,
453 ,Harte (Bret) ES,5,GE,GE: General Education,1,0,0,1,0,0,0,0,0,0,0,
453 ,Harte (Bret) ES,K,MM,MM: SDC - Mild to Moderate,2,1,0,0,1,0,0,0,0,0,0,
453 ,Harte (Bret) ES,K,SE,SE: Spanish Immersion (Non-Native),7,4,0,1,0,0,0,0,0,0,2,
453 ,Harte (Bret) ES,K,SN,SN: Spanish Immersion (Spanish Speakers),11,8,1,0,2,0,0,0,0,0,0,
453 ,Harte (Bret) ES,2,SN,SN: Spanish Immersion (Spanish Speakers),1,1,0,0,0,0,0,0,0,0,0,
453 ,Harte (Bret) ES,3,SN,SN: Spanish Immersion (Spanish Speakers),1,1,0,0,0,0,0,0,0,0,0,
453 ,Harte (Bret) ES,4,SN,SN: Spanish Immersion (Spanish Speakers),2,1,1,0,0,0,0,0,0,0,0,
614 ,Hillcrest ES,TK,GE,GE: General Education,64,13,13,8,5,7,1,3,1,3,10,
614 ,Hillcrest ES,K,GE,GE: General Education,56,7,19,8,5,8,1,1,1,0,6,
614 ,Hillcrest ES,1,GE,GE: General Education,3,0,1,0,2,0,0,0,0,0,0,
614 ,Hillcrest ES,2,GE,GE: General Education,1,0,0,1,0,0,0,0,0,0,0,
614 ,Hillcrest ES,3,GE,GE: General Education,4,1,2,1,0,0,0,0,0,0,0,
614 ,Hillcrest ES,4,GE,GE: General Education,1,0,0,0,0,0,0,0,0,0,1,
614 ,Hillcrest ES,5,GE,GE: General Education,1,0,0,1,0,0,0,0,0,0,0,
614 ,Hillcrest ES,TK,MM,MM: SDC - Mild to Moderate,14,3,6,2,2,0,0,0,1,0,0,
614 ,Hillcrest ES,K,MM,MM: SDC - Mild to Moderate,7,2,2,0,0,2,0,1,0,0,0,
614 ,Hillcrest ES,2,MM,MM: SDC - Mild to Moderate,1,0,0,0,0,0,0,0,0,0,1,
614 ,Hillcrest ES,TK,SB,SB: Spanish Biliteracy,16,4,3,1,4,2,1,0,0,0,1,
614 ,Hillcrest ES,K,SB,SB: Spanish Biliteracy,34,14,7,2,5,4,1,0,0,0,1,
614 ,Hillcrest ES,2,SB,SB: Spanish Biliteracy,2,0,1,0,1,0,0,0,0,0,0,
614 ,Hillcrest ES,3,SB,SB: Spanish Biliteracy,1,1,0,0,0,0,0,0,0,0,0,
614 ,Hillcrest ES,4,SB,SB: Spanish Biliteracy,2,1,0,0,1,0,0,0,0,0,0,
607 ,Hoover (Herbert) MS,6,AF,AF: SDC - Mild/Mod Autism Focus,11,1,4,3,1,2,0,0,0,0,0,
607 ,Hoover (Herbert) MS,6,CN,CN: Cantonese Immersion (Cantonese Speakers),118,50,26,13,15,8,1,4,1,0,0,
607 ,Hoover (Herbert) MS,6,ED,ED: SDC - SOAR,1,0,1,0,0,0,0,0,0,0,0,
607 ,Hoover (Herbert) MS,6,GE,GE: General Education,1114,209,295,241,192,117,30,14,12,3,1,
607 ,Hoover (Herbert) MS,7,GE,GE: General Education,39,5,11,13,3,1,2,2,2,0,0,
607 ,Hoover (Herbert) MS,8,GE,GE: General Education,11,3,3,3,1,0,0,1,0,0,0,
607 ,Hoover (Herbert) MS,6,MM,MM: SDC - Mild to Moderate,12,3,3,3,2,1,0,0,0,0,0,
607 ,Hoover (Herbert) MS,6,SN,SN: Spanish Immersion (Spanish Speakers),184,82,53,24,13,10,0,1,0,0,1,
607 ,Hoover (Herbert) MS,7,SN,SN: Spanish Immersion (Spanish Speakers),3,1,1,1,0,0,0,0,0,0,0,
537 ,Huerta (Dolores) ES,TK,MS,MS: SDC - Extensive Services,6,5,0,1,0,0,0,0,0,0,0,
537 ,Huerta (Dolores) ES,K,MS,MS: SDC - Extensive Services,6,1,4,1,0,0,0,0,0,0,0,
537 ,Huerta (Dolores) ES,TK,SE,SE: Spanish Immersion (Non-Native),178,55,25,32,19,15,12,3,4,3,10,
537 ,Huerta (Dolores) ES,K,SE,SE: Spanish Immersion (Non-Native),179,45,19,36,25,13,8,5,9,3,16,
537 ,Huerta (Dolores) ES,1,SE,SE: Spanish Immersion (Non-Native),8,3,1,2,2,0,0,0,0,0,0,
537 ,Huerta (Dolores) ES,TK,SN,SN: Spanish Immersion (Spanish Speakers),76,37,20,10,2,2,4,1,0,0,0,
537 ,Huerta (Dolores) ES,K,SN,SN: Spanish Immersion (Spanish Speakers),85,32,23,18,4,3,1,1,1,0,2,
537 ,Huerta (Dolores) ES,1,SN,SN: Spanish Immersion (Spanish Speakers),3,3,0,0,0,0,0,0,0,0,0,
537 ,Huerta (Dolores) ES,2,SN,SN: Spanish Immersion (Spanish Speakers),10,5,3,0,1,1,0,0,0,0,0,
537 ,Huerta (Dolores) ES,3,SN,SN: Spanish Immersion (Spanish Speakers),9,3,2,2,1,0,1,0,0,0,0,
537 ,Huerta (Dolores) ES,4,SN,SN: Spanish Immersion (Spanish Speakers),8,3,2,1,2,0,0,0,0,0,0,
537 ,Huerta (Dolores) ES,5,SN,SN: Spanish Immersion (Spanish Speakers),3,0,1,0,1,0,1,0,0,0,0,
644 ,Jefferson ES,K,AF,AF: SDC - Mild/Mod Autism Focus,11,8,0,2,1,0,0,0,0,0,0,
644 ,Jefferson ES,1,AF,AF: SDC - Mild/Mod Autism Focus,4,1,1,1,0,1,0,0,0,0,0,
644 ,Jefferson ES,2,AF,SDC Transition Program (CAT),2,0,1,0,1,0,0,0,0,0,0,
644 ,Jefferson ES,K,GE,GE: General Education,416,44,26,35,48,54,48,30,30,23,78,
644 ,Jefferson ES,1,GE,GE: General Education,12,1,1,1,2,5,0,1,1,0,0,
644 ,Jefferson ES,2,GE,GE: General Education,10,1,1,1,1,2,0,1,1,1,1,
644 ,Jefferson ES,3,GE,GE: General Education,18,0,2,5,4,2,0,0,2,1,2,
644 ,Jefferson ES,4,GE,GE: General Education,10,1,0,1,4,3,0,0,0,0,1,
644 ,Jefferson ES,5,GE,GE: General Education,22,0,7,3,4,4,0,1,0,3,0,
757 ,Jordan (June) HS,9,AF,AF: SDC - Mild/Mod Autism Focus,2,1,0,1,0,0,0,0,0,0,0,
757 ,Jordan (June) HS,9,GE,GE: General Education,211,26,47,45,27,37,7,7,4,4,7,
757 ,Jordan (June) HS,10,GE,GE: General Education,1,1,0,0,0,0,0,0,0,0,0,
757 ,Jordan (June) HS,11,GE,GE: General Education,2,0,0,0,0,1,0,0,0,0,1,
757 ,Jordan (June) HS,9,MM,MM: SDC - Mild to Moderate,6,0,4,0,0,1,0,1,0,0,0,
757 ,Jordan (June) HS,12,MM,MM: SDC - Mild to Moderate,1,1,0,0,0,0,0,0,0,0,0,
544 ,Key (Francis Scott) ES,TK,GE,GE: General Education,302,62,47,59,38,34,12,6,12,5,27,
544 ,Key (Francis Scott) ES,K,GE,GE: General Education,384,39,65,53,42,44,25,17,20,16,63,
544 ,Key (Francis Scott) ES,1,GE,GE: General Education,17,6,3,4,3,1,0,0,0,0,0,
544 ,Key (Francis Scott) ES,2,GE,GE: General Education,13,1,3,5,1,2,0,0,0,0,1,
544 ,Key (Francis Scott) ES,3,GE,GE: General Education,14,1,3,2,3,1,0,1,1,0,2,
544 ,Key (Francis Scott) ES,4,GE,GE: General Education,12,3,3,2,2,2,0,0,0,0,0,
544 ,Key (Francis Scott) ES,5,GE,GE: General Education,21,3,1,4,5,3,1,1,1,0,2,
544 ,Key (Francis Scott) ES,TK,MS,MS: SDC - Extensive Services,2,1,1,0,0,0,0,0,0,0,0,
544 ,Key (Francis Scott) ES,K,MS,MS: SDC - Extensive Services,4,1,1,1,0,1,0,0,0,0,0,
544 ,Key (Francis Scott) ES,2,MS,MS: SDC - Extensive Services,1,0,1,0,0,0,0,0,0,0,0,
838 ,King (Thomas Starr) ES,TK,GE,GE: General Education,117,33,18,7,11,9,7,6,5,2,19,
838 ,King (Thomas Starr) ES,K,GE,GE: General Education,63,5,14,7,8,5,3,3,1,3,14,
838 ,King (Thomas Starr) ES,1,GE,GE: General Education,2,1,1,0,0,0,0,0,0,0,0,
838 ,King (Thomas Starr) ES,2,GE,GE: General Education,3,0,0,0,1,0,0,0,0,0,2,
838 ,King (Thomas Starr) ES,4,GE,GE: General Education,4,2,0,0,0,1,0,0,1,0,0,
838 ,King (Thomas Starr) ES,5,GE,GE: General Education,2,0,1,0,0,0,0,0,0,0,1,
838 ,King (Thomas Starr) ES,K,ME,ME: Mandarin Immersion (Non-Native),73,21,6,9,4,8,5,4,2,2,12,
838 ,King (Thomas Starr) ES,1,ME,ME: Mandarin Immersion (Non-Native),3,2,0,0,0,0,1,0,0,0,0,
838 ,King (Thomas Starr) ES,K,MN,MN: Mandarin Immersion (Mandarin Speakers),61,18,16,4,2,4,4,2,3,0,8,
838 ,King (Thomas Starr) ES,2,MN,MN: Mandarin Immersion (Mandarin Speakers),3,0,2,0,0,0,1,0,0,0,0,
838 ,King (Thomas Starr) ES,3,MN,MN: Mandarin Immersion (Mandarin Speakers),2,1,1,0,0,0,0,0,0,0,0,
838 ,King (Thomas Starr) ES,TK,SA,SA: SDC - Extensive Services Autism Focus,6,3,2,1,0,0,0,0,0,0,0,
838 ,King (Thomas Starr) ES,K,SA,SA: SDC - Extensive Services Autism Focus,7,1,3,3,0,0,0,0,0,0,0,
838 ,King (Thomas Starr) ES,1,SA,SA: SDC - Extensive Services Autism Focus,1,0,0,1,0,0,0,0,0,0,0,
710 ,King Jr (Dr Martin L) MS,6,GE,GE: General Education,239,103,53,24,23,19,9,1,2,3,2,
710 ,King Jr (Dr Martin L) MS,7,GE,GE: General Education,4,2,0,0,0,1,0,0,0,0,1,
710 ,King Jr (Dr Martin L) MS,8,GE,GE: General Education,4,1,2,0,0,0,0,0,0,0,1,
710 ,King Jr (Dr Martin L) MS,6,MM,MM: SDC - Mild to Moderate,6,3,1,0,1,0,0,0,1,0,0,
664 ,Lafayette ES,TK,GE,GE: General Education,246,50,24,30,39,37,15,7,11,12,21,
664 ,Lafayette ES,K,GE,GE: General Education,377,77,33,34,50,43,30,29,19,10,52,
664 ,Lafayette ES,1,GE,GE: General Education,8,1,2,1,0,0,1,2,1,0,0,
664 ,Lafayette ES,2,GE,GE: General Education,15,2,1,4,1,4,2,1,0,0,0,
664 ,Lafayette ES,3,GE,GE: General Education,17,3,3,2,2,2,2,2,0,0,1,
664 ,Lafayette ES,4,GE,GE: General Education,8,3,0,1,1,0,0,0,2,1,0,
664 ,Lafayette ES,5,GE,GE: General Education,11,2,2,1,1,0,1,1,0,0,3,
670 ,Lakeshore ES,TK,AF,AF: SDC - Mild/Mod Autism Focus,15,9,4,2,0,0,0,0,0,0,0,
670 ,Lakeshore ES,K,AF,AF: SDC - Mild/Mod Autism Focus,15,5,1,4,2,2,0,1,0,0,0,
670 ,Lakeshore ES,1,AF,AF: SDC - Mild/Mod Autism Focus,2,2,0,0,0,0,0,0,0,0,0,
670 ,Lakeshore ES,2,AF,AF: SDC - Mild/Mod Autism Focus,2,2,0,0,0,0,0,0,0,0,0,
670 ,Lakeshore ES,TK,GE,GE: General Education,227,26,18,26,33,38,19,20,7,7,33,
670 ,Lakeshore ES,K,GE,GE: General Education,203,26,18,20,14,24,20,15,12,6,48,
670 ,Lakeshore ES,1,GE,GE: General Education,9,4,0,1,0,1,0,1,0,1,1,
670 ,Lakeshore ES,2,GE,GE: General Education,13,4,5,1,1,1,0,0,0,0,1,
670 ,Lakeshore ES,3,GE,GE: General Education,9,0,2,2,1,1,1,0,0,0,2,
670 ,Lakeshore ES,4,GE,GE: General Education,5,1,1,0,0,0,0,0,0,0,3,
670 ,Lakeshore ES,5,GE,GE: General Education,5,1,0,2,1,0,0,0,0,0,1,
490 ,Lau (Gordon J) ES,K,CB,CB: Cantonese Biliteracy,74,43,12,3,1,5,4,0,0,2,4,
490 ,Lau (Gordon J) ES,1,CB,CB: Cantonese Biliteracy,2,1,0,0,1,0,0,0,0,0,0,
490 ,Lau (Gordon J) ES,2,CB,CB: Cantonese Biliteracy,1,0,0,0,1,0,0,0,0,0,0,
490 ,Lau (Gordon J) ES,3,CB,CB: Cantonese Biliteracy,1,1,0,0,0,0,0,0,0,0,0,
490 ,Lau (Gordon J) ES,TK,GE,GE: General Education,91,24,28,7,7,10,5,1,1,3,5,
490 ,Lau (Gordon J) ES,K,GE,GE: General Education,114,15,41,14,10,10,4,3,1,3,13,
490 ,Lau (Gordon J) ES,1,GE,GE: General Education,7,5,1,0,0,0,0,1,0,0,0,
490 ,Lau (Gordon J) ES,2,GE,GE: General Education,8,3,1,0,0,0,1,0,0,1,2,
490 ,Lau (Gordon J) ES,3,GE,GE: General Education,3,1,0,0,0,1,0,0,0,0,1,
490 ,Lau (Gordon J) ES,4,GE,GE: General Education,2,1,1,0,0,0,0,0,0,0,0,
490 ,Lau (Gordon J) ES,5,GE,GE: General Education,3,1,0,0,1,0,0,0,0,0,1,
676 ,Lawton K-8,TK,GE,GE: General Education,416,94,82,67,72,31,18,15,7,8,22,
676 ,Lawton K-8,K,GE,GE: General Education,674,115,95,112,81,63,46,43,29,18,72,
676 ,Lawton K-8,1,GE,GE: General Education,38,10,5,11,9,2,0,0,1,0,0,
676 ,Lawton K-8,2,GE,GE: General Education,32,14,10,5,0,1,0,1,0,0,1,
676 ,Lawton K-8,3,GE,GE: General Education,44,18,13,4,4,1,1,1,0,1,1,
676 ,Lawton K-8,4,GE,GE: General Education,33,12,7,7,2,0,1,1,0,0,3,
676 ,Lawton K-8,5,GE,GE: General Education,46,22,11,6,4,2,0,0,1,0,0,
676 ,Lawton K-8,6,GE,GE: General Education,687,45,179,156,139,99,38,21,6,2,2,
676 ,Lawton K-8,7,GE,GE: General Education,34,10,10,3,9,2,0,0,0,0,0,
676 ,Lawton K-8,8,GE,GE: General Education,12,4,3,2,1,1,0,1,0,0,0,
676 ,Lawton K-8,K,MS,MS: SDC - Extensive Services,11,6,1,3,1,0,0,0,0,0,0,
676 ,Lawton K-8,2,MS,MS: SDC - Extensive Services,3,0,1,1,0,1,0,0,0,0,0,
676 ,Lawton K-8,3,MS,MS: SDC - Extensive Services,1,0,0,0,0,1,0,0,0,0,0,
676 ,Lawton K-8,5,MS,MS: SDC - Extensive Services,1,1,0,0,0,0,0,0,0,0,0,
676 ,Lawton K-8,6,MS,MS: SDC - Extensive Services,3,0,2,1,0,0,0,0,0,0,0,
634 ,Lick (James) MS,6,ED,ED: SDC - SOAR,1,1,0,0,0,0,0,0,0,0,0,
634 ,Lick (James) MS,6,GE,GE: General Education,426,89,89,81,51,62,22,13,9,6,4,
634 ,Lick (James) MS,7,GE,GE: General Education,17,3,5,0,3,1,1,0,1,0,3,
634 ,Lick (James) MS,8,GE,GE: General Education,6,3,0,1,2,0,0,0,0,0,0,
634 ,Lick (James) MS,6,MM,MM: SDC - Mild to Moderate,8,3,2,1,0,2,0,0,0,0,0,
634 ,Lick (James) MS,7,MM,MM: SDC - Mild to Moderate,1,1,0,0,0,0,0,0,0,0,0,
634 ,Lick (James) MS,6,SN,SN: Spanish Immersion (Spanish Speakers),196,71,66,27,14,10,4,2,1,0,1,
634 ,Lick (James) MS,7,SN,SN: Spanish Immersion (Spanish Speakers),6,5,1,0,0,0,0,0,0,0,0,
634 ,Lick (James) MS,8,SN,SN: Spanish Immersion (Spanish Speakers),1,1,0,0,0,0,0,0,0,0,0,
479 ,Lilienthal (Claire) K-8,K,GE,GE: General Education,514,143,97,69,64,37,18,21,10,4,51,
479 ,Lilienthal (Claire) K-8,1,GE,GE: General Education,33,13,6,2,3,5,0,0,0,0,4,
479 ,Lilienthal (Claire) K-8,2,GE,GE: General Education,21,9,5,2,0,1,0,1,1,1,1,
479 ,Lilienthal (Claire) K-8,3,GE,GE: General Education,31,13,7,1,1,4,1,1,1,1,1,
479 ,Lilienthal (Claire) K-8,4,GE,GE: General Education,26,13,4,2,2,0,1,1,0,0,3,
479 ,Lilienthal (Claire) K-8,5,GE,GE: General Education,33,21,4,3,2,1,1,0,0,0,1,
479 ,Lilienthal (Claire) K-8,6,GE,GE: General Education,376,61,57,88,69,46,23,8,12,6,6,
479 ,Lilienthal (Claire) K-8,7,GE,GE: General Education,23,8,5,2,3,2,3,0,0,0,0,
479 ,Lilienthal (Claire) K-8,8,GE,GE: General Education,13,7,2,3,0,1,0,0,0,0,0,
479 ,Lilienthal (Claire) K-8,K,KE,KE: Korean Immersion (Non-Native),119,32,22,19,8,7,7,1,3,2,18,
479 ,Lilienthal (Claire) K-8,1,KE,KE: Korean Immersion (Non-Native),5,5,0,0,0,0,0,0,0,0,0,
479 ,Lilienthal (Claire) K-8,K,KN,KN: Korean Immersion (Korean Speakers),14,13,0,0,1,0,0,0,0,0,0,
479 ,Lilienthal (Claire) K-8,2,KN,KN: Korean Immersion (Korean Speakers),1,1,0,0,0,0,0,0,0,0,0,
479 ,Lilienthal (Claire) K-8,5,KN,KN: Korean Immersion (Korean Speakers),1,1,0,0,0,0,0,0,0,0,0,
405 ,Lincoln (Abraham) HS,9,AF,AF: SDC - Mild/Mod Autism Focus,11,4,5,1,1,0,0,0,0,0,0,
405 ,Lincoln (Abraham) HS,10,AF,AF: SDC - Mild/Mod Autism Focus,2,2,0,0,0,0,0,0,0,0,0,
405 ,Lincoln (Abraham) HS,9,ED,ED: SDC - SOAR,5,2,3,0,0,0,0,0,0,0,0,
405 ,Lincoln (Abraham) HS,11,ED,ED: SDC - SOAR,1,0,1,0,0,0,0,0,0,0,0,
405 ,Lincoln (Abraham) HS,9,GE,GE: General Education,2518,682,955,572,218,78,7,4,0,1,1,
405 ,Lincoln (Abraham) HS,10,GE,GE: General Education,56,29,17,8,2,0,0,0,0,0,0,
405 ,Lincoln (Abraham) HS,11,GE,GE: General Education,46,23,19,2,0,1,1,0,0,0,0,
405 ,Lincoln (Abraham) HS,12,GE,GE: General Education,15,12,1,2,0,0,0,0,0,0,0,
405 ,Lincoln (Abraham) HS,9,MM,MM: SDC - Mild to Moderate,41,10,12,9,6,4,0,0,0,0,0,
405 ,Lincoln (Abraham) HS,11,MM,MM: SDC - Mild to Moderate,1,1,0,0,0,0,0,0,0,0,0,
405 ,Lincoln (Abraham) HS,9,MS,MS: SDC - Extensive Services,8,2,1,2,2,0,1,0,0,0,0,
405 ,Lincoln (Abraham) HS,10,MS,MS: SDC - Extensive Services,1,0,1,0,0,0,0,0,0,0,0,
405 ,Lincoln (Abraham) HS,11,MS,MS: SDC - Extensive Services,1,0,1,0,0,0,0,0,0,0,0,
405 ,Lincoln (Abraham) HS,12,NX,NX: Newcomer Program,2,2,0,0,0,0,0,0,0,0,0,
405 ,Lincoln (Abraham) HS,9,SA,SA: SDC - Extensive Services Autism Focus,6,2,3,1,0,0,0,0,0,0,0,
691 ,Longfellow ES,K,FB,FB: Filipino FLES,27,13,3,4,1,1,2,0,0,0,3,
691 ,Longfellow ES,3,FB,FB: Filipino FLES,2,2,0,0,0,0,0,0,0,0,0,
691 ,Longfellow ES,TK,GE,GE: General Education,46,9,9,6,4,2,5,3,1,1,6,
691 ,Longfellow ES,K,GE,GE: General Education,68,12,23,3,8,9,3,2,1,1,6,
691 ,Longfellow ES,1,GE,GE: General Education,1,1,0,0,0,0,0,0,0,0,0,
691 ,Longfellow ES,3,GE,GE: General Education,2,1,1,0,0,0,0,0,0,0,0,
691 ,Longfellow ES,4,GE,GE: General Education,1,0,0,0,0,0,0,0,0,0,1,
691 ,Longfellow ES,K,MM,MM: SDC - Mild to Moderate,14,7,4,0,0,1,1,1,0,0,0,
691 ,Longfellow ES,2,MM,MM: SDC - Mild to Moderate,1,0,0,0,0,0,0,0,0,0,1,
691 ,Longfellow ES,K,SB,SB: Spanish Biliteracy,35,19,5,7,3,1,0,0,0,0,0,
691 ,Longfellow ES,1,SB,SB: Spanish Biliteracy,2,1,0,0,1,0,0,0,0,0,0,
691 ,Longfellow ES,2,SB,SB: Spanish Biliteracy,2,1,1,0,0,0,0,0,0,0,0,
691 ,Longfellow ES,3,SB,SB: Spanish Biliteracy,1,0,1,0,0,0,0,0,0,0,0,
697 ,Lowell HS,9,AF,AF: SDC - Mild/Mod Autism Focus,8,5,3,0,0,0,0,0,0,0,0,
697 ,Lowell HS,10,AF,AF: SDC - Mild/Mod Autism Focus,2,0,2,0,0,0,0,0,0,0,0,
697 ,Lowell HS,11,AF,AF: SDC - Mild/Mod Autism Focus,1,1,0,0,0,0,0,0,0,0,0,
697 ,Lowell HS,13,CA,SDC Transition Program (CAT),23,16,3,2,2,0,0,0,0,0,0,
697 ,Lowell HS,9,GE,GE: General Education,2271,1821,263,130,32,23,1,0,1,0,0,
697 ,Lowell HS,9,MM,MM: SDC - Mild to Moderate,26,14,5,0,2,3,2,0,0,0,0,
697 ,Lowell HS,10,MM,MM: SDC - Mild to Moderate,1,1,0,0,0,0,0,0,0,0,0,
697 ,Lowell HS,9,MS,MS: SDC - Extensive Services,7,3,1,2,0,1,0,0,0,0,0,
697 ,Lowell HS,10,MS,MS: SDC - Extensive Services,1,1,0,0,0,0,0,0,0,0,0,
697 ,Lowell HS,9,SA,SA: SDC - Extensive Services Autism Focus,6,3,2,1,0,0,0,0,0,0,0,
697 ,Lowell HS,11,SA,SA: SDC - Extensive Services Autism Focus,1,1,0,0,0,0,0,0,0,0,0,
830 ,Malcolm X Academy ES,TK,GE,GE: General Education,12,4,0,1,1,3,0,2,0,0,1,
830 ,Malcolm X Academy ES,K,GE,GE: General Education,6,1,2,1,0,2,0,0,0,0,0,
830 ,Malcolm X Academy ES,3,GE,GE: General Education,1,0,0,1,0,0,0,0,0,0,0,
830 ,Malcolm X Academy ES,4,GE,GE: General Education,1,0,0,0,0,0,0,0,0,0,1,
708 ,Marina MS,6,AF,AF: SDC - Mild/Mod Autism Focus,16,7,3,2,2,2,0,0,0,0,0,
708 ,Marina MS,6,CN,CN: Cantonese Immersion (Cantonese Speakers),35,13,3,10,3,2,2,0,0,1,1,
708 ,Marina MS,6,GE,GE: General Education,530,143,102,100,58,63,28,14,7,8,7,
708 ,Marina MS,7,GE,GE: General Education,12,1,2,2,3,1,0,0,0,2,1,
708 ,Marina MS,8,GE,GE: General Education,6,1,1,2,1,0,0,0,1,0,0,
708 ,Marina MS,6,MM,MM: SDC - Mild to Moderate,11,2,1,2,2,3,1,0,0,0,0,
853 ,Marshall (Thurgood) HS,13,CA,SDC Transition Program (CAT),3,0,0,1,0,2,0,0,0,0,0,
853 ,Marshall (Thurgood) HS,9,ED,ED: SDC - SOAR,2,1,0,0,1,0,0,0,0,0,0,
853 ,Marshall (Thurgood) HS,12,ED,ED: SDC - SOAR,1,1,0,0,0,0,0,0,0,0,0,
853 ,Marshall (Thurgood) HS,9,GE,GE: General Education,205,24,26,48,33,43,3,7,8,6,7,
853 ,Marshall (Thurgood) HS,10,GE,GE: General Education,5,1,0,1,1,1,1,0,0,0,0,
853 ,Marshall (Thurgood) HS,11,GE,GE: General Education,3,1,0,2,0,0,0,0,0,0,0,
853 ,Marshall (Thurgood) HS,12,GE,GE: General Education,2,1,0,0,0,0,1,0,0,0,0,
853 ,Marshall (Thurgood) HS,9,MM,MM: SDC - Mild to Moderate,13,2,3,4,2,1,0,0,0,1,0,
853 ,Marshall (Thurgood) HS,12,MM,MM: SDC - Mild to Moderate,1,0,1,0,0,0,0,0,0,0,0,
853 ,Marshall (Thurgood) HS,9,NS,NS: Spanish Newcomer,22,0,9,4,3,5,1,0,0,0,0,
853 ,Marshall (Thurgood) HS,10,NS,NS: Spanish Newcomer,1,0,1,0,0,0,0,0,0,0,0,
714 ,Marshall ES,K,SE,SE: Spanish Immersion (Non-Native),66,17,10,7,5,8,7,3,1,0,8,
714 ,Marshall ES,1,SE,SE: Spanish Immersion (Non-Native),3,1,1,1,0,0,0,0,0,0,0,
714 ,Marshall ES,K,SN,SN: Spanish Immersion (Spanish Speakers),61,23,6,12,7,5,3,1,0,1,3,
714 ,Marshall ES,1,SN,SN: Spanish Immersion (Spanish Speakers),1,0,0,1,0,0,0,0,0,0,0,
714 ,Marshall ES,2,SN,SN: Spanish Immersion (Spanish Speakers),1,0,0,0,1,0,0,0,0,0,0,
714 ,Marshall ES,3,SN,SN: Spanish Immersion (Spanish Speakers),4,0,1,2,0,1,0,0,0,0,0,
714 ,Marshall ES,4,SN,SN: Spanish Immersion (Spanish Speakers),5,2,1,1,1,0,0,0,0,0,0,
714 ,Marshall ES,5,SN,SN: Spanish Immersion (Spanish Speakers),3,1,0,1,0,1,0,0,0,0,0,
549 ,McCoppin (Frank) ES,TK,GE,GE: General Education,252,47,24,38,26,34,24,14,7,2,36,
549 ,McCoppin (Frank) ES,K,GE,GE: General Education,366,27,54,48,64,43,27,19,14,7,63,
549 ,McCoppin (Frank) ES,1,GE,GE: General Education,10,1,2,4,3,0,0,0,0,0,0,
549 ,McCoppin (Frank) ES,2,GE,GE: General Education,6,0,2,1,1,0,0,0,0,1,1,
549 ,McCoppin (Frank) ES,3,GE,GE: General Education,11,3,1,1,0,1,0,0,0,1,4,
549 ,McCoppin (Frank) ES,4,GE,GE: General Education,2,0,0,0,0,1,0,0,0,0,1,
549 ,McCoppin (Frank) ES,5,GE,GE: General Education,9,2,2,0,1,1,1,0,0,0,2,
718 ,McKinley ES,K,AF,AF: SDC - Mild/Mod Autism Focus,13,0,4,3,2,2,0,0,2,0,0,
718 ,McKinley ES,1,AF,AF: SDC - Mild/Mod Autism Focus,4,1,2,1,0,0,0,0,0,0,0,
718 ,McKinley ES,TK,GE,GE: General Education,258,50,30,39,35,25,22,16,7,8,26,
718 ,McKinley ES,K,GE,GE: General Education,306,37,30,50,29,34,29,16,15,19,47,
718 ,McKinley ES,1,GE,GE: General Education,12,1,1,3,1,2,1,1,1,0,1,
718 ,McKinley ES,2,GE,GE: General Education,10,1,0,1,3,2,0,1,0,0,2,
718 ,McKinley ES,3,GE,GE: General Education,13,1,1,1,0,2,3,1,0,0,4,
718 ,McKinley ES,4,GE,GE: General Education,8,1,0,1,2,1,0,1,1,0,1,
718 ,McKinley ES,5,GE,GE: General Education,5,0,0,0,0,1,1,1,0,0,2,
950 ,McLaren (John) EES,TK,GE,GE: General Education,41,10,7,4,4,5,0,2,0,2,7,
950 ,McLaren (John) EES,TK,MM,MM: SDC - Mild to Moderate,11,2,2,3,1,2,0,0,0,1,0,
505 ,Milk (Harvey) Civil Right ES,TK,GE,GE: General Education,163,26,23,17,19,21,11,15,9,1,21,
505 ,Milk (Harvey) Civil Right ES,K,GE,GE: General Education,163,19,18,17,19,18,13,10,13,8,28,
505 ,Milk (Harvey) Civil Right ES,1,GE,GE: General Education,9,0,1,2,0,2,2,1,0,1,0,
505 ,Milk (Harvey) Civil Right ES,2,GE,GE: General Education,7,1,1,0,1,1,0,1,0,1,1,
505 ,Milk (Harvey) Civil Right ES,3,GE,GE: General Education,6,1,1,2,0,2,0,0,0,0,0,
505 ,Milk (Harvey) Civil Right ES,4,GE,GE: General Education,4,1,2,0,0,0,0,0,0,0,1,
505 ,Milk (Harvey) Civil Right ES,5,GE,GE: General Education,1,0,0,0,0,0,0,0,0,0,1,
722 ,Miraloma ES,K,AF,AF: SDC - Mild/Mod Autism Focus,9,3,5,0,1,0,0,0,0,0,0,
722 ,Miraloma ES,1,AF,AF: SDC - Mild/Mod Autism Focus,3,0,1,2,0,0,0,0,0,0,0,
722 ,Miraloma ES,2,AF,AF: SDC - Mild/Mod Autism Focus,1,0,0,1,0,0,0,0,0,0,0,
722 ,Miraloma ES,4,AF,AF: SDC - Mild/Mod Autism Focus,1,0,0,0,0,0,0,1,0,0,0,
722 ,Miraloma ES,TK,GE,GE: General Education,299,59,49,45,35,24,18,22,8,6,33,
722 ,Miraloma ES,K,GE,GE: General Education,354,41,41,49,30,40,26,23,14,13,77,
722 ,Miraloma ES,1,GE,GE: General Education,16,0,8,4,0,0,1,2,0,0,1,
722 ,Miraloma ES,2,GE,GE: General Education,10,2,1,3,2,0,0,0,1,0,1,
722 ,Miraloma ES,3,GE,GE: General Education,17,1,0,5,5,1,0,1,0,0,4,
722 ,Miraloma ES,4,GE,GE: General Education,14,3,5,1,1,0,0,1,0,2,1,
722 ,Miraloma ES,5,GE,GE: General Education,5,1,0,0,1,1,0,0,0,0,2,
724 ,Mission Education Center ES,TK,SE,SE: Spanish Immersion (Non-Native),74,5,21,17,9,7,4,5,0,1,5,
724 ,Mission Education Center ES,TK,SN,SN: Spanish Immersion (Spanish Speakers),54,4,18,16,5,6,0,1,4,0,0,
725 ,Mission HS,13,CA,SDC Transition Program (CAT),21,6,5,8,0,1,0,1,0,0,0,
725 ,Mission HS,9,ED,ED: SDC - SOAR,4,2,1,1,0,0,0,0,0,0,0,
725 ,Mission HS,11,ED,ED: SDC - SOAR,1,0,0,1,0,0,0,0,0,0,0,
725 ,Mission HS,12,ED,ED: SDC - SOAR,1,0,0,0,1,0,0,0,0,0,0,
725 ,Mission HS,9,GE,GE: General Education,793,104,129,159,166,158,41,17,9,5,5,
725 ,Mission HS,10,GE,GE: General Education,11,1,2,1,1,6,0,0,0,0,0,
725 ,Mission HS,11,GE,GE: General Education,18,1,2,3,2,5,3,1,1,0,0,
725 ,Mission HS,12,GE,GE: General Education,7,0,0,1,3,3,0,0,0,0,0,
725 ,Mission HS,9,MM,MM: SDC - Mild to Moderate,29,2,8,4,9,5,0,0,1,0,0,
725 ,Mission HS,12,MM,MM: SDC - Mild to Moderate,1,0,0,0,1,0,0,0,0,0,0,
725 ,Mission HS,9,MS,MS: SDC - Extensive Services,5,0,2,1,1,1,0,0,0,0,0,
725 ,Mission HS,9,NX,NX: Newcomer Program,37,16,4,5,5,4,3,0,0,0,0,
725 ,Mission HS,10,NX,NX: Newcomer Program,1,1,0,0,0,0,0,0,0,0,0,
725 ,Mission HS,9,SA,SA: SDC - Extensive Services Autism Focus,4,4,0,0,0,0,0,0,0,0,0,
729 ,Monroe ES,K,CB,CB: Cantonese Biliteracy,62,24,4,9,7,3,5,2,0,3,5,
729 ,Monroe ES,1,CB,CB: Cantonese Biliteracy,2,2,0,0,0,0,0,0,0,0,0,
729 ,Monroe ES,2,CB,CB: Cantonese Biliteracy,3,2,1,0,0,0,0,0,0,0,0,
729 ,Monroe ES,3,CB,CB: Cantonese Biliteracy,2,1,0,0,1,0,0,0,0,0,0,
729 ,Monroe ES,4,CB,CB: Cantonese Biliteracy,5,4,1,0,0,0,0,0,0,0,0,
729 ,Monroe ES,K,GE,GE: General Education,165,20,34,18,23,14,11,7,6,8,24,
729 ,Monroe ES,1,GE,GE: General Education,6,2,2,0,2,0,0,0,0,0,0,
729 ,Monroe ES,2,GE,GE: General Education,5,2,0,1,1,0,0,0,0,0,1,
729 ,Monroe ES,3,GE,GE: General Education,5,2,1,0,2,0,0,0,0,0,0,
729 ,Monroe ES,4,GE,GE: General Education,9,2,5,1,1,0,0,0,0,0,0,
729 ,Monroe ES,5,GE,GE: General Education,2,0,1,0,0,0,0,0,0,0,1,
729 ,Monroe ES,K,SE,SE: Spanish Immersion (Non-Native),69,13,10,10,9,6,3,4,4,3,7,
729 ,Monroe ES,1,SE,SE: Spanish Immersion (Non-Native),4,0,1,3,0,0,0,0,0,0,0,
729 ,Monroe ES,K,SN,SN: Spanish Immersion (Spanish Speakers),77,25,18,11,8,6,2,1,1,1,4,
729 ,Monroe ES,1,SN,SN: Spanish Immersion (Spanish Speakers),2,0,1,1,0,0,0,0,0,0,0,
729 ,Monroe ES,2,SN,SN: Spanish Immersion (Spanish Speakers),2,0,1,1,0,0,0,0,0,0,0,
729 ,Monroe ES,3,SN,SN: Spanish Immersion (Spanish Speakers),2,0,0,1,0,1,0,0,0,0,0,
729 ,Monroe ES,4,SN,SN: Spanish Immersion (Spanish Speakers),4,1,2,1,0,0,0,0,0,0,0,
729 ,Monroe ES,5,SN,SN: Spanish Immersion (Spanish Speakers),2,1,0,1,0,0,0,0,0,0,0,
723 ,Moscone (George R) ES,K,CB,CB: Cantonese Biliteracy,16,2,3,1,0,2,1,2,3,0,2,
723 ,Moscone (George R) ES,TK,GE,GE: General Education,68,12,10,10,7,5,2,4,2,3,13,
723 ,Moscone (George R) ES,K,GE,GE: General Education,64,18,13,6,5,5,1,1,1,2,12,
723 ,Moscone (George R) ES,1,GE,GE: General Education,4,2,0,0,1,1,0,0,0,0,0,
723 ,Moscone (George R) ES,2,GE,GE: General Education,6,3,0,0,1,1,0,0,0,0,1,
723 ,Moscone (George R) ES,3,GE,GE: General Education,4,1,2,0,1,0,0,0,0,0,0,
723 ,Moscone (George R) ES,4,GE,GE: General Education,3,1,0,1,0,1,0,0,0,0,0,
723 ,Moscone (George R) ES,5,GE,GE: General Education,3,0,1,1,0,0,0,0,0,0,1,
723 ,Moscone (George R) ES,K,SB,SB: Spanish Biliteracy,57,24,13,8,2,7,1,0,1,0,1,
723 ,Moscone (George R) ES,1,SB,SB: Spanish Biliteracy,3,2,1,0,0,0,0,0,0,0,0,
723 ,Moscone (George R) ES,3,SB,SB: Spanish Biliteracy,2,2,0,0,0,0,0,0,0,0,0,
723 ,Moscone (George R) ES,4,SB,SB: Spanish Biliteracy,6,0,2,3,0,1,0,0,0,0,0,
723 ,Moscone (George R) ES,5,SB,SB: Spanish Biliteracy,1,0,1,0,0,0,0,0,0,0,0,
650 ,Muir (John) ES,TK,GE,GE: General Education,78,11,5,11,11,10,8,2,3,2,15,
650 ,Muir (John) ES,K,GE,GE: General Education,81,14,4,13,10,7,4,3,2,4,20,
650 ,Muir (John) ES,1,GE,GE: General Education,5,3,0,1,0,0,0,0,0,0,1,
650 ,Muir (John) ES,2,GE,GE: General Education,3,0,0,0,1,0,0,0,0,0,2,
650 ,Muir (John) ES,3,GE,GE: General Education,2,1,0,0,0,0,0,0,0,0,1,
650 ,Muir (John) ES,4,GE,GE: General Education,3,1,0,1,1,0,0,0,0,0,0,
650 ,Muir (John) ES,5,GE,GE: General Education,3,1,0,0,1,0,0,0,0,0,1,
650 ,Muir (John) ES,K,SB,SB: Spanish Biliteracy,18,7,2,4,2,1,1,0,0,0,1,
650 ,Muir (John) ES,1,SB,SB: Spanish Biliteracy,2,2,0,0,0,0,0,0,0,0,0,
650 ,Muir (John) ES,3,SB,SB: Spanish Biliteracy,1,0,1,0,0,0,0,0,0,0,0,
650 ,Muir (John) ES,4,SB,SB: Spanish Biliteracy,3,0,2,0,0,1,0,0,0,0,0,
650 ,Muir (John) ES,5,SB,SB: Spanish Biliteracy,1,0,1,0,0,0,0,0,0,0,0,
735 ,New Traditions ES,K,GE,GE: General Education,342,46,34,58,45,34,24,22,20,14,45,
735 ,New Traditions ES,1,GE,GE: General Education,12,1,1,2,2,1,2,1,0,0,2,
735 ,New Traditions ES,2,GE,GE: General Education,15,1,1,4,5,2,0,0,0,0,2,
735 ,New Traditions ES,3,GE,GE: General Education,13,0,0,2,4,2,0,2,1,0,2,
735 ,New Traditions ES,4,GE,GE: General Education,11,2,0,0,2,2,3,1,1,0,0,
735 ,New Traditions ES,5,GE,GE: General Education,12,4,3,1,1,1,0,0,0,1,1,
928 ,Noriega EES,TK,GE,GE: General Education,228,58,43,34,28,24,14,4,3,2,18,
651 ,O'Connell (John) HS,13,CA,SDC Transition Program (CAT),12,4,3,0,3,1,1,0,0,0,0,
651 ,O'Connell (John) HS,9,GE,GE: General Education,367,78,66,71,59,58,8,8,6,6,7,
651 ,O'Connell (John) HS,10,GE,GE: General Education,4,1,1,1,1,0,0,0,0,0,0,
651 ,O'Connell (John) HS,11,GE,GE: General Education,9,2,4,0,0,1,0,0,0,2,0,
651 ,O'Connell (John) HS,12,GE,GE: General Education,3,1,1,1,0,0,0,0,0,0,0,
651 ,O'Connell (John) HS,9,MM,MM: SDC - Mild to Moderate,19,7,5,4,3,0,0,0,0,0,0,
651 ,O'Connell (John) HS,10,MM,MM: SDC - Mild to Moderate,1,1,0,0,0,0,0,0,0,0,0,
651 ,O'Connell (John) HS,12,MM,MM: SDC - Mild to Moderate,1,1,0,0,0,0,0,0,0,0,0,
746 ,Ortega (Jose) ES,TK,GE,GE: General Education,217,41,32,30,27,19,12,12,10,9,25,
746 ,Ortega (Jose) ES,K,GE,GE: General Education,203,22,32,28,21,20,10,13,9,8,40,
746 ,Ortega (Jose) ES,1,GE,GE: General Education,13,3,5,1,2,1,1,0,0,0,0,
746 ,Ortega (Jose) ES,2,GE,GE: General Education,11,3,2,2,1,0,1,0,0,0,2,
746 ,Ortega (Jose) ES,3,GE,GE: General Education,12,3,0,1,1,1,0,2,1,2,1,
746 ,Ortega (Jose) ES,4,GE,GE: General Education,6,1,2,2,0,0,0,1,0,0,0,
746 ,Ortega (Jose) ES,5,GE,GE: General Education,6,1,0,0,0,0,0,2,0,1,2,
746 ,Ortega (Jose) ES,K,ME,ME: Mandarin Immersion (Non-Native),133,20,17,17,19,9,10,7,8,4,22,
746 ,Ortega (Jose) ES,1,ME,ME: Mandarin Immersion (Non-Native),18,8,3,4,1,1,1,0,0,0,0,
746 ,Ortega (Jose) ES,K,MN,MN: Mandarin Immersion (Mandarin Speakers),115,51,20,17,6,3,6,3,3,1,5,
746 ,Ortega (Jose) ES,1,MN,MN: Mandarin Immersion (Mandarin Speakers),4,4,0,0,0,0,0,0,0,0,0,
746 ,Ortega (Jose) ES,2,MN,MN: Mandarin Immersion (Mandarin Speakers),5,4,1,0,0,0,0,0,0,0,0,
746 ,Ortega (Jose) ES,3,MN,MN: Mandarin Immersion (Mandarin Speakers),2,1,0,0,0,0,0,0,0,0,1,
746 ,Ortega (Jose) ES,4,MN,MN: Mandarin Immersion (Mandarin Speakers),3,2,1,0,0,0,0,0,0,0,0,
638 ,Parker (Jean) ES,TK,GE,GE: General Education,49,5,9,11,8,8,1,2,0,1,4,
638 ,Parker (Jean) ES,K,GE,GE: General Education,62,5,10,16,10,10,2,2,1,1,5,
638 ,Parker (Jean) ES,1,GE,GE: General Education,3,0,0,2,0,0,0,0,0,0,1,
638 ,Parker (Jean) ES,2,GE,GE: General Education,3,0,1,0,1,0,0,0,0,0,1,
638 ,Parker (Jean) ES,5,GE,GE: General Education,1,0,0,0,0,0,0,0,0,0,1,
786 ,Parks (Rosa) ES,TK,AF,AF: SDC - Mild/Mod Autism Focus,10,2,3,3,2,0,0,0,0,0,0,
786 ,Parks (Rosa) ES,K,AF,AF: SDC - Mild/Mod Autism Focus,7,1,1,2,2,1,0,0,0,0,0,
786 ,Parks (Rosa) ES,1,AF,AF: SDC - Mild/Mod Autism Focus,2,1,0,0,0,1,0,0,0,0,0,
786 ,Parks (Rosa) ES,4,AF,AF: SDC - Mild/Mod Autism Focus,1,0,0,0,0,0,0,0,0,1,0,
786 ,Parks (Rosa) ES,TK,GE,GE: General Education,55,5,9,10,5,7,5,1,2,0,11,
786 ,Parks (Rosa) ES,K,GE,GE: General Education,75,14,21,7,8,9,4,1,0,0,11,
786 ,Parks (Rosa) ES,1,GE,GE: General Education,7,2,2,1,1,0,0,0,1,0,0,
786 ,Parks (Rosa) ES,2,GE,GE: General Education,3,0,1,0,0,0,0,0,1,1,0,
786 ,Parks (Rosa) ES,3,GE,GE: General Education,3,1,0,0,1,0,0,0,1,0,0,
786 ,Parks (Rosa) ES,4,GE,GE: General Education,5,2,1,0,0,0,0,0,1,0,1,
786 ,Parks (Rosa) ES,5,GE,GE: General Education,1,0,0,0,1,0,0,0,0,0,0,
786 ,Parks (Rosa) ES,1,JB,JB: Japanese Bilingual Bicultural Prgram,4,1,1,0,1,0,0,1,0,0,0,
786 ,Parks (Rosa) ES,2,JB,JB: Japanese Bilingual Bicultural Prgram,2,0,0,0,1,0,1,0,0,0,0,
786 ,Parks (Rosa) ES,3,JB,JB: Japanese Bilingual Bicultural Prgram,4,0,1,1,1,0,0,0,0,1,0,
786 ,Parks (Rosa) ES,4,JB,JB: Japanese Bilingual Bicultural Prgram,2,1,1,0,0,0,0,0,0,0,0,
786 ,Parks (Rosa) ES,TK,JE,JE: Japanese Bilingual Bicultural Program - English C,39,11,6,3,6,4,0,1,0,1,7,
786 ,Parks (Rosa) ES,K,JE,JE: Japanese Bilingual Bicultural Program - English C,69,28,4,9,4,6,1,4,1,4,8,
569 ,Peabody (George) ES,K,GE,GE: General Education,553,107,117,92,65,47,25,22,11,6,61,
569 ,Peabody (George) ES,1,GE,GE: General Education,28,9,6,2,2,3,1,1,0,2,2,
569 ,Peabody (George) ES,2,GE,GE: General Education,18,4,3,2,3,3,1,0,0,0,2,
569 ,Peabody (George) ES,3,GE,GE: General Education,19,4,5,5,0,1,0,0,1,0,3,
569 ,Peabody (George) ES,4,GE,GE: General Education,15,2,2,3,4,2,1,0,0,0,1,
569 ,Peabody (George) ES,5,GE,GE: General Education,17,2,2,4,3,2,1,1,1,0,1,
569 ,Peabody (George) ES,K,MM,MM: SDC - Mild to Moderate,20,4,8,5,1,0,1,0,0,0,1,
569 ,Peabody (George) ES,1,MM,MM: SDC - Mild to Moderate,2,1,1,0,0,0,0,0,0,0,0,
569 ,Peabody (George) ES,2,MM,MM: SDC - Mild to Moderate,2,0,1,0,0,0,0,0,0,1,0,
778 ,Presidio MS,6,AF,AF: SDC - Mild/Mod Autism Focus,19,5,6,4,3,1,0,0,0,0,0,
778 ,Presidio MS,7,AF,AF: SDC - Mild/Mod Autism Focus,2,2,0,0,0,0,0,0,0,0,0,
778 ,Presidio MS,6,GE,GE: General Education,1123,299,297,211,154,100,38,11,8,2,3,
778 ,Presidio MS,7,GE,GE: General Education,42,10,14,6,5,5,1,0,0,1,0,
778 ,Presidio MS,8,GE,GE: General Education,20,3,11,3,0,2,1,0,0,0,0,
778 ,Presidio MS,6,JB,JB: Japanese Bilingual Bicultural Prgram,70,53,10,5,0,2,0,0,0,0,0,
778 ,Presidio MS,8,JB,JB: Japanese Bilingual Bicultural Prgram,1,0,0,0,0,1,0,0,0,0,0,
778 ,Presidio MS,6,MM,MM: SDC - Mild to Moderate,13,4,4,2,3,0,0,0,0,0,0,
778 ,Presidio MS,6,MS,MS: SDC - Extensive Services,5,3,2,0,0,0,0,0,0,0,0,
790 ,Redding ES,TK,GE,GE: General Education,25,5,5,5,4,2,1,1,0,1,1,
790 ,Redding ES,K,GE,GE: General Education,55,14,12,8,8,6,2,0,0,0,5,
790 ,Redding ES,1,GE,GE: General Education,4,2,0,0,1,0,0,0,0,0,1,
790 ,Redding ES,2,GE,GE: General Education,3,0,1,1,0,0,0,0,0,0,1,
790 ,Redding ES,4,GE,GE: General Education,1,0,0,1,0,0,0,0,0,0,0,
790 ,Redding ES,5,GE,GE: General Education,1,0,0,0,0,0,0,0,0,0,1,
760 ,Revere (Paul) K-8,TK,GE,GE: General Education,41,5,4,3,5,3,3,3,3,2,10,
760 ,Revere (Paul) K-8,K,GE,GE: General Education,14,1,3,1,1,0,0,1,1,0,6,
760 ,Revere (Paul) K-8,1,GE,GE: General Education,1,0,0,0,0,1,0,0,0,0,0,
760 ,Revere (Paul) K-8,4,GE,GE: General Education,2,0,0,0,0,0,2,0,0,0,0,
760 ,Revere (Paul) K-8,5,GE,GE: General Education,2,0,0,1,1,0,0,0,0,0,0,
760 ,Revere (Paul) K-8,6,GE,GE: General Education,72,14,12,17,9,11,1,1,1,1,5,
760 ,Revere (Paul) K-8,7,GE,GE: General Education,3,0,1,0,1,1,0,0,0,0,0,
760 ,Revere (Paul) K-8,8,GE,GE: General Education,3,1,0,0,1,0,0,0,1,0,0,
760 ,Revere (Paul) K-8,K,MM,MM: SDC - Mild to Moderate,7,1,1,3,1,0,0,1,0,0,0,
760 ,Revere (Paul) K-8,1,MM,MM: SDC - Mild to Moderate,1,0,0,0,0,1,0,0,0,0,0,
760 ,Revere (Paul) K-8,2,MM,MM: SDC - Mild to Moderate,1,0,0,0,0,0,0,0,0,0,1,
760 ,Revere (Paul) K-8,K,SE,SE: Spanish Immersion (Non-Native),20,3,4,5,0,2,0,1,1,0,4,
760 ,Revere (Paul) K-8,1,SE,SE: Spanish Immersion (Non-Native),1,0,0,0,0,1,0,0,0,0,0,
760 ,Revere (Paul) K-8,K,SN,SN: Spanish Immersion (Spanish Speakers),13,3,2,1,1,3,1,1,1,0,0,
760 ,Revere (Paul) K-8,1,SN,SN: Spanish Immersion (Spanish Speakers),1,1,0,0,0,0,0,0,0,0,0,
760 ,Revere (Paul) K-8,3,SN,SN: Spanish Immersion (Spanish Speakers),2,0,2,0,0,0,0,0,0,0,0,
760 ,Revere (Paul) K-8,4,SN,SN: Spanish Immersion (Spanish Speakers),1,1,0,0,0,0,0,0,0,0,0,
760 ,Revere (Paul) K-8,5,SN,SN: Spanish Immersion (Spanish Speakers),2,0,2,0,0,0,0,0,0,0,0,
965 ,Rodriguez (Zaida T) EES,TK,GE,GE: General Education,70,6,5,5,16,8,4,2,7,3,14,
796 ,Rooftop K-8,TK,GE,GE: General Education,391,53,76,54,44,57,28,26,14,12,27,
796 ,Rooftop K-8,K,GE,GE: General Education,458,54,60,54,73,52,31,29,18,22,65,
796 ,Rooftop K-8,1,GE,GE: General Education,25,10,3,4,2,3,1,0,0,1,1,
796 ,Rooftop K-8,2,GE,GE: General Education,22,8,1,6,4,0,0,0,0,1,2,
796 ,Rooftop K-8,3,GE,GE: General Education,28,16,3,2,2,0,0,2,1,1,1,
796 ,Rooftop K-8,4,GE,GE: General Education,18,7,5,4,1,0,0,0,0,1,0,
796 ,Rooftop K-8,5,GE,GE: General Education,22,12,4,3,1,1,0,0,0,0,1,
796 ,Rooftop K-8,6,GE,GE: General Education,396,58,47,60,64,81,37,25,9,9,6,
796 ,Rooftop K-8,7,GE,GE: General Education,26,7,1,5,5,5,2,1,0,0,0,
796 ,Rooftop K-8,8,GE,GE: General Education,7,0,1,0,4,2,0,0,0,0,0,
797 ,Roosevelt MS,6,AF,AF: SDC - Mild/Mod Autism Focus,17,3,3,6,3,2,0,0,0,0,0,
797 ,Roosevelt MS,7,AF,AF: SDC - Mild/Mod Autism Focus,1,0,0,1,0,0,0,0,0,0,0,
797 ,Roosevelt MS,6,CN,CN: Cantonese Immersion (Cantonese Speakers),106,45,24,14,10,7,1,3,2,0,0,
797 ,Roosevelt MS,8,CN,CN: Cantonese Immersion (Cantonese Speakers),2,1,1,0,0,0,0,0,0,0,0,
797 ,Roosevelt MS,6,GE,GE: General Education,1088,271,320,207,141,95,27,18,1,5,3,
797 ,Roosevelt MS,7,GE,GE: General Education,52,17,7,9,8,7,1,2,1,0,0,
797 ,Roosevelt MS,8,GE,GE: General Education,25,8,4,8,2,2,0,0,0,0,1,
797 ,Roosevelt MS,6,MM,MM: SDC - Mild to Moderate,11,5,4,1,1,0,0,0,0,0,0,
797 ,Roosevelt MS,6,SA,SA: SDC - Extensive Services Autism Focus,5,1,0,4,0,0,0,0,0,0,0,
987 ,San Miguel EES,TK,GE,GE: General Education,39,9,9,7,7,0,0,1,1,1,4,
816 ,Sanchez ES,TK,GE,GE: General Education,84,9,9,11,9,7,6,6,3,2,22,
816 ,Sanchez ES,K,GE,GE: General Education,66,4,13,5,8,8,3,1,2,5,17,
816 ,Sanchez ES,1,GE,GE: General Education,2,0,0,0,1,0,0,0,0,1,0,
816 ,Sanchez ES,2,GE,GE: General Education,1,0,0,0,0,0,0,1,0,0,0,
816 ,Sanchez ES,3,GE,GE: General Education,3,1,0,0,1,0,0,0,0,1,0,
816 ,Sanchez ES,4,GE,GE: General Education,2,0,0,0,0,0,0,1,0,0,1,
816 ,Sanchez ES,K,MM,MM: SDC - Mild to Moderate,12,1,1,4,1,3,1,0,0,0,1,
816 ,Sanchez ES,2,MM,MM: SDC - Mild to Moderate,1,0,0,0,0,0,0,0,0,0,1,
816 ,Sanchez ES,4,MM,MM: SDC - Mild to Moderate,1,1,0,0,0,0,0,0,0,0,0,
816 ,Sanchez ES,K,SB,SB: Spanish Biliteracy,32,5,8,7,6,2,2,1,1,0,0,
816 ,Sanchez ES,1,SB,SB: Spanish Biliteracy,2,1,1,0,0,0,0,0,0,0,0,
816 ,Sanchez ES,2,SB,SB: Spanish Biliteracy,4,1,0,0,0,3,0,0,0,0,0,
816 ,Sanchez ES,3,SB,SDC Transition Program (CAT),7,2,1,0,3,1,0,0,0,0,0,
816 ,Sanchez ES,4,SB,SB: Spanish Biliteracy,6,0,0,0,3,3,0,0,0,0,0,
816 ,Sanchez ES,5,SB,SB: Spanish Biliteracy,2,0,0,0,2,0,0,0,0,0,0,
955 ,Serra (Junipero) Annex EES,TK,GE,GE: General Education,73,11,9,7,9,5,4,6,4,4,14,
656 ,Serra (Junipero) ES,TK,GE,GE: General Education,94,7,15,4,15,11,7,2,11,5,17,
656 ,Serra (Junipero) ES,K,GE,GE: General Education,74,9,9,8,6,14,3,3,3,1,18,
656 ,Serra (Junipero) ES,1,GE,GE: General Education,4,1,0,0,1,1,0,0,0,0,1,
656 ,Serra (Junipero) ES,2,GE,GE: General Education,2,0,1,0,0,1,0,0,0,0,0,
656 ,Serra (Junipero) ES,3,GE,GE: General Education,3,2,0,0,0,0,0,0,0,0,1,
656 ,Serra (Junipero) ES,4,GE,GE: General Education,4,1,0,0,1,0,0,0,2,0,0,
656 ,Serra (Junipero) ES,5,GE,GE: General Education,2,1,0,0,0,0,0,0,0,0,1,
656 ,Serra (Junipero) ES,K,SB,SB: Spanish Biliteracy,26,9,7,5,0,3,1,1,0,0,0,
656 ,Serra (Junipero) ES,1,SB,SB: Spanish Biliteracy,1,0,1,0,0,0,0,0,0,0,0,
656 ,Serra (Junipero) ES,3,SB,SB: Spanish Biliteracy,2,2,0,0,0,0,0,0,0,0,0,
656 ,Serra (Junipero) ES,4,SB,SB: Spanish Biliteracy,2,1,0,1,0,0,0,0,0,0,0,
656 ,Serra (Junipero) ES,5,SB,SB: Spanish Biliteracy,1,0,1,0,0,0,0,0,0,0,0,
493 ,SF Community K-8,TK,GE,GE: General Education,88,14,17,13,6,9,7,5,7,2,8,
493 ,SF Community K-8,K,GE,GE: General Education,79,15,9,8,5,10,6,5,7,5,9,
493 ,SF Community K-8,1,GE,GE: General Education,3,1,2,0,0,0,0,0,0,0,0,
493 ,SF Community K-8,2,GE,GE: General Education,4,0,1,2,0,0,1,0,0,0,0,
493 ,SF Community K-8,3,GE,GE: General Education,4,1,1,1,0,0,0,1,0,0,0,
493 ,SF Community K-8,4,GE,GE: General Education,5,0,3,0,0,0,2,0,0,0,0,
493 ,SF Community K-8,5,GE,GE: General Education,6,2,1,1,0,1,0,0,0,0,1,
493 ,SF Community K-8,6,GE,GE: General Education,114,22,30,26,16,8,3,3,3,0,3,
493 ,SF Community K-8,7,GE,GE: General Education,7,1,2,2,0,1,0,0,0,0,1,
493 ,SF Community K-8,8,GE,GE: General Education,4,2,0,0,1,0,1,0,0,0,0,
621 ,SF International HS,13,CA,SDC Transition Program (CAT),9,2,3,2,1,1,0,0,0,0,0,
621 ,SF International HS,9,GX,GX: General Education Newcomer,4,0,2,0,1,1,0,0,0,0,0,
621 ,SF International HS,12,GX,GX: General Education Newcomer,2,2,0,0,0,0,0,0,0,0,0,
621 ,SF International HS,9,MM,MM: SDC - Mild to Moderate,2,0,0,1,0,0,0,0,0,0,1,
621 ,SF International HS,9,NC,NC: Chinese Newcomer,2,0,0,1,0,1,0,0,0,0,0,
621 ,SF International HS,9,NS,NS: Spanish Newcomer,6,2,0,2,1,1,0,0,0,0,0,
621 ,SF International HS,9,NX,NX: Newcomer Program,20,5,7,5,2,1,0,0,0,0,0,
814 ,SF Public Montessori ES,TK,GE,GE: General Education,146,31,25,28,14,16,6,7,3,5,11,
814 ,SF Public Montessori ES,K,GE,GE: General Education,142,15,23,14,15,22,10,9,6,0,28,
814 ,SF Public Montessori ES,1,GE,GE: General Education,10,2,3,0,1,0,1,0,0,0,3,
814 ,SF Public Montessori ES,2,GE,GE: General Education,12,3,1,0,2,4,0,0,0,0,2,
814 ,SF Public Montessori ES,3,GE,GE: General Education,8,1,0,2,2,2,1,0,0,0,0,
814 ,SF Public Montessori ES,4,GE,GE: General Education,4,1,1,0,0,2,0,0,0,0,0,
814 ,SF Public Montessori ES,5,GE,GE: General Education,6,1,2,2,0,0,0,0,0,0,1,
820 ,Sheridan ES,TK,GE,GE: General Education,56,7,7,9,2,7,4,3,5,1,11,
820 ,Sheridan ES,K,GE,GE: General Education,49,13,7,6,8,3,4,2,0,0,6,
820 ,Sheridan ES,1,GE,SDC Transition Program (CAT),1,1,0,0,0,0,0,0,0,0,0,
820 ,Sheridan ES,2,GE,GE: General Education,2,2,0,0,0,0,0,0,0,0,0,
820 ,Sheridan ES,3,GE,GE: General Education,4,2,0,2,0,0,0,0,0,0,0,
820 ,Sheridan ES,4,GE,GE: General Education,2,1,0,1,0,0,0,0,0,0,0,
820 ,Sheridan ES,5,GE,GE: General Education,1,0,0,0,0,0,0,0,0,0,1,
823 ,Sherman ES,K,AF,AF: SDC - Mild/Mod Autism Focus,8,0,1,4,0,0,2,1,0,0,0,
823 ,Sherman ES,1,AF,AF: SDC - Mild/Mod Autism Focus,5,1,3,0,1,0,0,0,0,0,0,
823 ,Sherman ES,4,AF,AF: SDC - Mild/Mod Autism Focus,1,0,0,0,0,0,0,0,1,0,0,
823 ,Sherman ES,TK,GE,GE: General Education,94,21,27,15,8,7,5,1,3,1,6,
823 ,Sherman ES,K,GE,GE: General Education,201,41,40,29,21,19,11,4,5,7,24,
823 ,Sherman ES,1,GE,GE: General Education,11,3,4,2,0,0,0,0,0,0,2,
823 ,Sherman ES,2,GE,GE: General Education,6,3,1,0,1,1,0,0,0,0,0,
823 ,Sherman ES,3,GE,GE: General Education,8,1,4,0,1,0,2,0,0,0,0,
823 ,Sherman ES,4,GE,GE: General Education,3,0,1,1,0,0,0,0,0,0,1,
823 ,Sherman ES,5,GE,GE: General Education,4,0,3,0,0,0,0,0,0,0,1,
488 ,Sloat (Commodore) ES,K,GE,GE: General Education,368,55,30,35,42,33,27,22,20,20,84,
488 ,Sloat (Commodore) ES,1,GE,GE: General Education,20,4,2,5,2,3,0,1,0,1,2,
488 ,Sloat (Commodore) ES,2,GE,GE: General Education,15,2,4,3,1,1,1,1,0,0,2,
488 ,Sloat (Commodore) ES,3,GE,GE: General Education,14,0,3,3,2,1,1,0,1,1,2,
488 ,Sloat (Commodore) ES,4,GE,GE: General Education,17,6,1,5,1,3,1,0,0,0,0,
488 ,Sloat (Commodore) ES,5,GE,GE: General Education,12,2,3,2,0,1,1,0,0,0,3,
834 ,Spring Valley Science ES,TK,GE,GE: General Education,37,5,6,9,8,4,0,1,2,1,1,
834 ,Spring Valley Science ES,K,GE,GE: General Education,65,8,12,18,10,11,1,0,0,1,4,
834 ,Spring Valley Science ES,1,GE,GE: General Education,2,1,0,0,0,0,0,0,0,0,1,
834 ,Spring Valley Science ES,2,GE,GE: General Education,2,0,0,0,0,2,0,0,0,0,0,
834 ,Spring Valley Science ES,3,GE,GE: General Education,2,0,1,0,1,0,0,0,0,0,0,
834 ,Spring Valley Science ES,4,GE,GE: General Education,2,0,0,0,1,0,0,0,0,0,1,
834 ,Spring Valley Science ES,5,GE,GE: General Education,2,0,0,1,0,1,0,0,0,0,0,
834 ,Spring Valley Science ES,K,MM,MM: SDC - Mild to Moderate,13,3,3,0,5,2,0,0,0,0,0,
834 ,Spring Valley Science ES,2,MM,MM: SDC - Mild to Moderate,1,0,0,0,0,0,0,0,0,0,1,
834 ,Spring Valley Science ES,3,SB,SB: Spanish Biliteracy,2,1,0,1,0,0,0,0,0,0,0,
834 ,Spring Valley Science ES,4,SB,SB: Spanish Biliteracy,2,1,0,1,0,0,0,0,0,0,0,
834 ,Spring Valley Science ES,5,SB,SB: Spanish Biliteracy,1,1,0,0,0,0,0,0,0,0,0,
782 ,Stevenson (Robert Louis) ES,TK,GE,GE: General Education,342,66,77,57,47,34,16,6,10,8,21,
782 ,Stevenson (Robert Louis) ES,K,GE,GE: General Education,442,31,49,79,72,56,36,30,25,16,48,
782 ,Stevenson (Robert Louis) ES,1,GE,GE: General Education,23,6,7,3,1,1,1,2,0,0,2,
782 ,Stevenson (Robert Louis) ES,2,GE,GE: General Education,18,2,6,7,0,0,1,0,0,0,2,
782 ,Stevenson (Robert Louis) ES,3,GE,GE: General Education,25,6,4,4,1,5,0,1,0,0,4,
782 ,Stevenson (Robert Louis) ES,4,GE,GE: General Education,13,4,5,3,0,0,0,1,0,0,0,
782 ,Stevenson (Robert Louis) ES,5,GE,GE: General Education,23,4,7,5,0,2,1,1,0,0,3,
782 ,Stevenson (Robert Louis) ES,TK,MM,MM: SDC - Mild to Moderate,15,6,5,3,1,0,0,0,0,0,0,
782 ,Stevenson (Robert Louis) ES,K,MM,MM: SDC - Mild to Moderate,20,7,2,5,1,2,0,1,1,1,0,
782 ,Stevenson (Robert Louis) ES,1,MM,MM: SDC - Mild to Moderate,2,2,0,0,0,0,0,0,0,0,0,
782 ,Stevenson (Robert Louis) ES,2,MM,MM: SDC - Mild to Moderate,1,0,0,0,0,0,0,0,0,0,1,
782 ,Stevenson (Robert Louis) ES,4,MM,MM: SDC - Mild to Moderate,1,0,1,0,0,0,0,0,0,0,0,
915 ,Stockton (Commodore) EES,TK,GE,GE: General Education,59,29,18,3,3,0,1,1,1,2,1,
842 ,Sunnyside ES,K,GE,GE: General Education,358,71,49,42,27,47,25,14,15,15,53,
842 ,Sunnyside ES,1,GE,GE: General Education,17,5,1,3,0,3,1,1,0,2,1,
842 ,Sunnyside ES,2,GE,GE: General Education,14,1,3,4,2,2,0,0,0,0,2,
842 ,Sunnyside ES,3,GE,GE: General Education,14,2,2,1,0,4,0,0,2,0,3,
842 ,Sunnyside ES,4,GE,GE: General Education,12,2,2,1,2,3,1,0,0,0,1,
842 ,Sunnyside ES,5,GE,GE: General Education,5,2,0,1,0,1,0,0,0,0,1,
842 ,Sunnyside ES,K,MS,MS: SDC - Extensive Services,6,1,1,2,1,0,1,0,0,0,0,
750 ,Sunset ES,K,GE,GE: General Education,673,166,125,92,59,62,39,25,22,21,62,
750 ,Sunset ES,1,GE,GE: General Education,40,15,13,5,0,3,1,0,3,0,0,
750 ,Sunset ES,2,GE,GE: General Education,39,20,12,1,1,2,0,0,1,0,2,
750 ,Sunset ES,3,GE,GE: General Education,46,16,7,13,2,1,3,2,0,1,1,
750 ,Sunset ES,4,GE,GE: General Education,35,18,10,2,1,2,0,0,0,1,1,
750 ,Sunset ES,5,GE,GE: General Education,41,13,16,7,2,0,1,1,0,0,1,
750 ,Sunset ES,K,SA,SA: SDC - Extensive Services Autism Focus,11,3,4,0,1,2,1,0,0,0,0,
750 ,Sunset ES,2,SA,SA: SDC - Extensive Services Autism Focus,2,1,0,1,0,0,0,0,0,0,0,
750 ,Sunset ES,3,SA,SA: SDC - Extensive Services Autism Focus,1,0,0,0,1,0,0,0,0,0,0,
848 ,Sutro ES,K,CB,CB: Cantonese Biliteracy,46,12,4,3,8,3,2,1,3,2,8,
848 ,Sutro ES,1,CB,CB: Cantonese Biliteracy,1,1,0,0,0,0,0,0,0,0,0,
848 ,Sutro ES,2,CB,CB: Cantonese Biliteracy,1,1,0,0,0,0,0,0,0,0,0,
848 ,Sutro ES,4,CB,CB: Cantonese Biliteracy,1,1,0,0,0,0,0,0,0,0,0,
848 ,Sutro ES,5,CB,CB: Cantonese Biliteracy,1,1,0,0,0,0,0,0,0,0,0,
848 ,Sutro ES,TK,GE,GE: General Education,202,19,26,23,32,35,17,10,14,2,24,
848 ,Sutro ES,K,GE,GE: General Education,261,7,28,34,27,34,25,19,18,9,60,
848 ,Sutro ES,1,GE,GE: General Education,10,1,3,0,1,1,1,1,1,0,1,
848 ,Sutro ES,2,GE,GE: General Education,6,0,2,1,0,0,2,0,0,0,1,
848 ,Sutro ES,3,GE,GE: General Education,13,0,0,0,3,2,3,0,0,2,3,
848 ,Sutro ES,4,GE,GE: General Education,2,0,2,0,0,0,0,0,0,0,0,
848 ,Sutro ES,5,GE,GE: General Education,7,0,0,3,0,0,1,1,0,0,2,
513 ,Taylor (Edward R) ES,K,AF,AF: SDC - Mild/Mod Autism Focus,10,4,3,1,0,0,1,0,0,1,0,
513 ,Taylor (Edward R) ES,1,AF,AF: SDC - Mild/Mod Autism Focus,2,1,0,0,1,0,0,0,0,0,0,
513 ,Taylor (Edward R) ES,2,AF,SDC Transition Program (CAT),2,1,0,1,0,0,0,0,0,0,0,
513 ,Taylor (Edward R) ES,3,AF,AF: SDC - Mild/Mod Autism Focus,1,1,0,0,0,0,0,0,0,0,0,
513 ,Taylor (Edward R) ES,4,AF,AF: SDC - Mild/Mod Autism Focus,1,0,0,0,0,0,1,0,0,0,0,
513 ,Taylor (Edward R) ES,K,CB,CB: Cantonese Biliteracy,43,14,8,2,2,3,1,0,3,3,7,
513 ,Taylor (Edward R) ES,1,CB,CB: Cantonese Biliteracy,1,0,1,0,0,0,0,0,0,0,0,
513 ,Taylor (Edward R) ES,2,CB,CB: Cantonese Biliteracy,1,1,0,0,0,0,0,0,0,0,0,
513 ,Taylor (Edward R) ES,5,CB,CB: Cantonese Biliteracy,1,1,0,0,0,0,0,0,0,0,0,
513 ,Taylor (Edward R) ES,TK,GE,GE: General Education,71,24,9,7,6,5,4,4,1,1,10,
513 ,Taylor (Edward R) ES,K,GE,GE: General Education,93,27,15,12,10,3,2,7,1,2,14,
513 ,Taylor (Edward R) ES,1,GE,GE: General Education,5,1,2,1,1,0,0,0,0,0,0,
513 ,Taylor (Edward R) ES,2,GE,GE: General Education,9,4,2,0,2,0,1,0,0,0,0,
513 ,Taylor (Edward R) ES,3,GE,GE: General Education,4,3,0,1,0,0,0,0,0,0,0,
513 ,Taylor (Edward R) ES,4,GE,GE: General Education,7,4,1,0,1,0,0,0,0,0,1,
513 ,Taylor (Edward R) ES,5,GE,GE: General Education,2,0,1,0,0,0,0,0,0,0,1,
513 ,Taylor (Edward R) ES,K,SB,SB: Spanish Biliteracy,27,14,5,4,2,0,2,0,0,0,0,
513 ,Taylor (Edward R) ES,1,SB,SB: Spanish Biliteracy,1,1,0,0,0,0,0,0,0,0,0,
513 ,Taylor (Edward R) ES,2,SB,SB: Spanish Biliteracy,2,1,1,0,0,0,0,0,0,0,0,
513 ,Taylor (Edward R) ES,3,SB,SB: Spanish Biliteracy,1,1,0,0,0,0,0,0,0,0,0,
513 ,Taylor (Edward R) ES,4,SB,SB: Spanish Biliteracy,1,1,0,0,0,0,0,0,0,0,0,
859 ,Tenderloin Community ES,TK,AF,AF: SDC - Mild/Mod Autism Focus,5,0,1,3,1,0,0,0,0,0,0,
859 ,Tenderloin Community ES,K,AF,AF: SDC - Mild/Mod Autism Focus,2,2,0,0,0,0,0,0,0,0,0,
859 ,Tenderloin Community ES,1,AF,AF: SDC - Mild/Mod Autism Focus,1,0,1,0,0,0,0,0,0,0,0,
859 ,Tenderloin Community ES,TK,GE,GE: General Education,23,15,3,0,2,1,1,1,0,0,0,
859 ,Tenderloin Community ES,K,GE,GE: General Education,50,29,8,7,2,2,0,0,0,0,2,
859 ,Tenderloin Community ES,1,GE,GE: General Education,1,0,1,0,0,0,0,0,0,0,0,
859 ,Tenderloin Community ES,2,GE,GE: General Education,3,2,1,0,0,0,0,0,0,0,0,
859 ,Tenderloin Community ES,3,GE,GE: General Education,2,2,0,0,0,0,0,0,0,0,0,
859 ,Tenderloin Community ES,4,GE,GE: General Education,1,0,1,0,0,0,0,0,0,0,0,
832 ,The Academy - SF @ McAteer HS,9,AO,AO: SDC - Auditory/Oral,2,2,0,0,0,0,0,0,0,0,0,
832 ,The Academy - SF @ McAteer HS,9,GE,GE: General Education,246,21,29,38,50,59,18,11,9,2,9,
832 ,The Academy - SF @ McAteer HS,10,GE,GE: General Education,7,1,1,0,3,1,1,0,0,0,0,
832 ,The Academy - SF @ McAteer HS,11,GE,GE: General Education,11,2,1,1,3,3,0,0,0,0,1,
832 ,The Academy - SF @ McAteer HS,12,GE,GE: General Education,2,2,0,0,0,0,0,0,0,0,0,
832 ,The Academy - SF @ McAteer HS,9,MM,MM: SDC - Mild to Moderate,5,3,0,1,0,0,0,0,0,0,1,
832 ,The Academy - SF @ McAteer HS,9,TC,TC: SDC - Total Communication,2,2,0,0,0,0,0,0,0,0,0,
997 ,Tule Elk Park EES,TK,GE,GE: General Education,127,54,26,13,9,5,4,2,4,3,7,
997 ,Tule Elk Park EES,TK,MM,MM: SDC - Mild to Moderate,12,8,3,1,0,0,0,0,0,0,0,
997 ,Tule Elk Park EES,TK,MS,MS: SDC - Extensive Services,6,2,3,1,0,0,0,0,0,0,0,
862 ,Ulloa ES,K,CB,CB: Cantonese Biliteracy,145,39,27,18,18,13,9,4,7,2,8,
862 ,Ulloa ES,1,CB,CB: Cantonese Biliteracy,7,1,5,0,0,1,0,0,0,0,0,
862 ,Ulloa ES,2,CB,CB: Cantonese Biliteracy,5,1,1,1,0,2,0,0,0,0,0,
862 ,Ulloa ES,3,CB,CB: Cantonese Biliteracy,1,0,0,0,0,1,0,0,0,0,0,
862 ,Ulloa ES,4,CB,CB: Cantonese Biliteracy,2,0,2,0,0,0,0,0,0,0,0,
862 ,Ulloa ES,5,CB,CB: Cantonese Biliteracy,1,1,0,0,0,0,0,0,0,0,0,
862 ,Ulloa ES,K,GE,GE: General Education,516,51,81,58,80,65,43,24,25,14,75,
862 ,Ulloa ES,1,GE,GE: General Education,30,6,8,3,4,1,6,1,1,0,0,
862 ,Ulloa ES,2,GE,GE: General Education,14,3,2,3,4,0,0,0,1,0,1,
862 ,Ulloa ES,3,GE,GE: General Education,22,3,4,6,3,1,1,1,1,0,2,
862 ,Ulloa ES,4,GE,GE: General Education,10,1,2,2,1,3,0,0,1,0,0,
862 ,Ulloa ES,5,GE,GE: General Education,20,2,2,4,4,3,2,0,0,0,3,
867 ,Visitacion Valley ES,TK,GE,GE: General Education,29,14,2,2,3,2,1,0,0,1,4,
867 ,Visitacion Valley ES,K,GE,GE: General Education,53,18,13,10,3,7,0,1,0,1,0,
867 ,Visitacion Valley ES,1,GE,GE: General Education,2,1,0,1,0,0,0,0,0,0,0,
867 ,Visitacion Valley ES,2,GE,GE: General Education,4,1,2,1,0,0,0,0,0,0,0,
867 ,Visitacion Valley ES,3,GE,GE: General Education,2,0,0,2,0,0,0,0,0,0,0,
867 ,Visitacion Valley ES,4,GE,GE: General Education,4,1,2,0,0,0,0,0,0,0,1,
867 ,Visitacion Valley ES,5,GE,GE: General Education,4,1,2,0,0,0,0,0,0,0,1,
868 ,Visitacion Valley MS,6,GE,GE: General Education,190,72,40,26,35,9,5,1,0,1,1,
868 ,Visitacion Valley MS,7,GE,GE: General Education,1,0,0,0,1,0,0,0,0,0,0,
868 ,Visitacion Valley MS,8,GE,GE: General Education,5,2,1,0,0,1,0,0,0,0,1,
868 ,Visitacion Valley MS,6,MM,MM: SDC - Mild to Moderate,1,0,0,1,0,0,0,0,0,0,0,
868 ,Visitacion Valley MS,6,NX,NX: Newcomer Program,17,6,2,4,3,2,0,0,0,0,0,
868 ,Visitacion Valley MS,7,NX,NX: Newcomer Program,1,1,0,0,0,0,0,0,0,0,0,
868 ,Visitacion Valley MS,6,SA,SA: SDC - Extensive Services Autism Focus,1,1,0,0,0,0,0,0,0,0,0,
785 ,Wallenberg (Raoul) HS,13,CA,SDC Transition Program (CAT),7,2,3,0,0,2,0,0,0,0,0,
785 ,Wallenberg (Raoul) HS,9,GE,GE: General Education,873,83,118,201,216,189,42,17,2,1,4,
785 ,Wallenberg (Raoul) HS,10,GE,GE: General Education,21,3,4,5,6,3,0,0,0,0,0,
785 ,Wallenberg (Raoul) HS,11,GE,GE: General Education,21,4,6,5,2,3,1,0,0,0,0,
785 ,Wallenberg (Raoul) HS,12,GE,GE: General Education,6,1,1,1,1,2,0,0,0,0,0,
785 ,Wallenberg (Raoul) HS,9,MM,MM: SDC - Mild to Moderate,22,3,5,3,5,5,1,0,0,0,0,
571 ,Washington (George) HS,9,ED,ED: SDC - SOAR,4,0,2,1,1,0,0,0,0,0,0,
571 ,Washington (George) HS,11,ED,ED: SDC - SOAR,1,1,0,0,0,0,0,0,0,0,0,
571 ,Washington (George) HS,9,GE,GE: General Education,2150,625,685,494,217,98,23,2,6,0,0,
571 ,Washington (George) HS,10,GE,GE: General Education,44,26,11,2,3,2,0,0,0,0,0,
571 ,Washington (George) HS,11,GE,GE: General Education,38,15,9,7,1,5,0,1,0,0,0,
571 ,Washington (George) HS,12,GE,GE: General Education,16,5,9,0,1,1,0,0,0,0,0,
571 ,Washington (George) HS,9,MM,MM: SDC - Mild to Moderate,28,11,9,7,1,0,0,0,0,0,0,
571 ,Washington (George) HS,9,MS,MS: SDC - Extensive Services,7,4,1,1,0,1,0,0,0,0,0,
497 ,Webster (Daniel) ES,K,GE,GE: General Education,135,22,34,19,14,11,3,1,3,7,21,
497 ,Webster (Daniel) ES,1,GE,GE: General Education,5,2,1,2,0,0,0,0,0,0,0,
497 ,Webster (Daniel) ES,2,GE,GE: General Education,9,2,1,2,1,0,0,0,0,1,2,
497 ,Webster (Daniel) ES,3,GE,GE: General Education,6,1,3,0,0,0,0,1,0,0,1,
497 ,Webster (Daniel) ES,4,GE,GE: General Education,6,4,0,1,0,0,0,0,0,1,0,
497 ,Webster (Daniel) ES,5,GE,SDC Transition Program (CAT),2,0,1,0,0,0,0,0,0,0,1,
497 ,Webster (Daniel) ES,K,SE,SE: Spanish Immersion (Non-Native),89,26,11,11,9,9,2,9,2,3,7,
497 ,Webster (Daniel) ES,1,SE,SE: Spanish Immersion (Non-Native),8,5,3,0,0,0,0,0,0,0,0,
497 ,Webster (Daniel) ES,K,SN,SN: Spanish Immersion (Spanish Speakers),55,28,6,7,8,4,1,1,0,0,0,
497 ,Webster (Daniel) ES,1,SN,SN: Spanish Immersion (Spanish Speakers),4,2,1,1,0,0,0,0,0,0,0,
497 ,Webster (Daniel) ES,2,SN,SN: Spanish Immersion (Spanish Speakers),1,1,0,0,0,0,0,0,0,0,0,
497 ,Webster (Daniel) ES,3,SN,SN: Spanish Immersion (Spanish Speakers),2,1,0,1,0,0,0,0,0,0,0,
497 ,Webster (Daniel) ES,4,SN,SN: Spanish Immersion (Spanish Speakers),1,0,0,0,0,1,0,0,0,0,0,
497 ,Webster (Daniel) ES,5,SN,SN: Spanish Immersion (Spanish Speakers),1,1,0,0,0,0,0,0,0,0,0,
876 ,West Portal ES,K,CE,CE: Cantonese Immersion (All English),186,15,30,26,24,22,17,16,11,6,19,
876 ,West Portal ES,1,CE,CE: Cantonese Immersion (All English),15,5,1,2,1,2,2,1,0,0,1,
876 ,West Portal ES,K,CN,CN: Cantonese Immersion (Cantonese Speakers),137,11,21,23,27,20,12,11,3,3,6,
876 ,West Portal ES,1,CN,CN: Cantonese Immersion (Cantonese Speakers),6,4,0,1,0,1,0,0,0,0,0,
876 ,West Portal ES,2,CN,CN: Cantonese Immersion (Cantonese Speakers),4,2,1,1,0,0,0,0,0,0,0,
876 ,West Portal ES,3,CN,CN: Cantonese Immersion (Cantonese Speakers),2,1,1,0,0,0,0,0,0,0,0,
876 ,West Portal ES,4,CN,CN: Cantonese Immersion (Cantonese Speakers),1,0,0,1,0,0,0,0,0,0,0,
876 ,West Portal ES,5,CN,CN: Cantonese Immersion (Cantonese Speakers),1,0,1,0,0,0,0,0,0,0,0,
876 ,West Portal ES,TK,GE,GE: General Education,533,78,109,89,61,68,41,26,26,13,22,
876 ,West Portal ES,K,GE,GE: General Education,554,42,52,77,73,70,47,45,56,25,67,
876 ,West Portal ES,1,GE,GE: General Education,33,7,5,5,5,8,2,1,0,0,0,
876 ,West Portal ES,2,GE,GE: General Education,22,6,2,3,4,1,3,0,0,0,3,
876 ,West Portal ES,3,GE,GE: General Education,24,5,10,2,2,1,1,0,0,2,1,
876 ,West Portal ES,4,GE,GE: General Education,18,3,1,4,7,1,0,1,0,0,1,
876 ,West Portal ES,5,GE,GE: General Education,16,1,4,3,6,0,0,1,0,0,1,
801 ,Wo (Yick) ES,K,GE,GE: General Education,146,35,24,23,14,14,8,1,3,2,22,
801 ,Wo (Yick) ES,1,GE,GE: General Education,9,0,0,3,2,1,0,0,0,0,3,
801 ,Wo (Yick) ES,2,GE,GE: General Education,6,1,1,1,0,0,0,0,1,0,2,
801 ,Wo (Yick) ES,3,GE,GE: General Education,4,0,0,2,0,1,0,0,0,0,1,
801 ,Wo (Yick) ES,4,GE,GE: General Education,4,0,1,1,0,0,0,0,0,0,2,
801 ,Wo (Yick) ES,5,GE,GE: General Education,3,0,1,0,0,1,0,0,0,0,1,
801 ,Wo (Yick) ES,K,SA,SA: SDC - Extensive Services Autism Focus,4,3,0,0,0,0,1,0,0,0,0,
801 ,Wo (Yick) ES,3,SA,SA: SDC - Extensive Services Autism Focus,1,0,0,1,0,0,0,0,0,0,0,
485 ,Yu (Alice Fong) K-8,K,CE,CE: Cantonese Immersion (All English),243,82,27,22,19,24,12,11,11,6,29,
485 ,Yu (Alice Fong) K-8,1,CE,CE: Cantonese Immersion (All English),4,3,0,0,0,0,0,0,0,0,1,
485 ,Yu (Alice Fong) K-8,2,CN,CN: Cantonese Immersion (Cantonese Speakers),7,5,1,0,1,0,0,0,0,0,0,
485 ,Yu (Alice Fong) K-8,3,CN,CN: Cantonese Immersion (Cantonese Speakers),9,8,0,1,0,0,0,0,0,0,0,
485 ,Yu (Alice Fong) K-8,4,CN,CN: Cantonese Immersion (Cantonese Speakers),10,8,1,1,0,0,0,0,0,0,0,
485 ,Yu (Alice Fong) K-8,5,CN,CN: Cantonese Immersion (Cantonese Speakers),11,8,2,0,0,1,0,0,0,0,0,
485 ,Yu (Alice Fong) K-8,6,CN,CN: Cantonese Immersion (Cantonese Speakers),90,13,20,22,14,10,6,4,1,0,0,
485 ,Yu (Alice Fong) K-8,8,CN,CN: Cantonese Immersion (Cantonese Speakers),2,2,0,0,0,0,0,0,0,0,0,
485 ,Yu (Alice Fong) K-8,K,CT,CT: Cantonese Immersion (All others),274,62,47,41,34,27,18,11,9,7,18,
485 ,Yu (Alice Fong) K-8,1,CT,CT: Cantonese Immersion (All others),14,7,0,4,1,0,0,0,1,0,1,