School ID,School Name,Grade,Program Code,Program Name,1st Choice,2nd Choice,3rd Choice,4th Choice,5th Choice,6th Choice,7th Choice,8th Choice,9th Choice,10th+ Choice
441,Access SFUSD: Bay Street,13,BA,BA: Bay Street Transition Training Center,,,,1,,,,,,
441,Access SFUSD: Bay Street,13,CA,CA: SDC - Transition Program (CAT),4,4,1,,2,,,,1,
442,Access SFUSD: The Arc,13,CA,CA: SDC - Transition Program (CAT),5,5,1,2,1,,,1,1,
413,Alamo ES,K,GE,GE: General Education,50,68,64,46,47,31,25,26,22,147
413,Alamo ES,1,SA,SA: SDC - Mod/Severe Autism Focus,,4,5,1,1,,,,,
413,Alamo ES,1,GE,GE: General Education,3,4,3,4,3,1,1,3,1,
413,Alamo ES,2,GE,GE: General Education,2,2,1,1,,,,,,
413,Alamo ES,2,SA,SA: SDC - Mod/Severe Autism Focus,1,,,,,,,,,
413,Alamo ES,3,GE,GE: General Education,2,1,1,1,,,,1,1,
413,Alamo ES,4,GE,GE: General Education,2,2,2,1,2,,,1,,1
413,Alamo ES,5,GE,GE: General Education,,1,3,,,1,,,1,1
420,Alvarado ES,TK,GE,GE: General Education,90,58,39,19,31,14,3,,3,
420,Alvarado ES,k,GE,GE: General Education,47,72,46,44,44,30,22,20,19,105
420,Alvarado ES,k,MS,MS: SDC - Moderate to Severe,2,1,2,,,,,,,
420,Alvarado ES,k,SE,SE: Spanish Immersion (Non-Native),86,61,54,37,47,20,17,10,6,52
420,Alvarado ES,k,SN,SN: Spanish Immersion (Spanish Speakers),48,28,13,16,4,4,1,2,1,1
420,Alvarado ES,1,GE,GE: General Education,1,2,3,,2,3,1,3,,3
420,Alvarado ES,1,SE,SE: Spanish Immersion (Non-Native),2,6,4,4,2,,1,,1,1
420,Alvarado ES,1,SN,SN: Spanish Immersion (Spanish Speakers),3,2,1,1,,,,,,
420,Alvarado ES,2,GE,GE: General Education,6,5,1,4,1,1,,,,
420,Alvarado ES,2,MS,MS: SDC - Moderate to Severe,,,1,,,,,,,
420,Alvarado ES,2,SN,SN: Spanish Immersion (Spanish Speakers),2,,,,,,,,,
420,Alvarado ES,3,GE,GE: General Education,4,,2,,,1,,,,
420,Alvarado ES,3,SN,SN: Spanish Immersion (Spanish Speakers),1,,,,1,,,,,
420,Alvarado ES,4,GE,GE: General Education,3,2,,,1,,1,,,1
420,Alvarado ES,4,SN,SN: Spanish Immersion (Spanish Speakers),,1,,1,,,,,,
420,Alvarado ES,5,GE,GE: General Education,3,2,2,1,,,,,,
420,Alvarado ES,5,SN,SN: Spanish Immersion (Spanish Speakers),,,,3,1,,,,,
431,Aptos MS,6,GE,GE: General Education,246,246,214,148,118,40,20,12,4,5
431,Aptos MS,6,MM,MM: SDC - Mild to Moderate,4,6,1,,,1,,,,
431,Aptos MS,6,MN,MN: Mandarin Immersion (Mandarin Speakers),44,7,5,5,2,2,1,,,
431,Aptos MS,6,SA,SA: SDC - Mod/Severe Autism Focus,1,,1,1,,,,,,
431,Aptos MS,7,GE,GE: General Education,4,5,3,1,5,,2,1,,
431,Aptos MS,7,MN,MN: Mandarin Immersion (Mandarin Speakers),,1,,,,,,,,
431,Aptos MS,8,GE,GE: General Education,6,2,,5,,,,,,
431,Aptos MS,8,MN,MN: Mandarin Immersion (Mandarin Speakers),,2,,,,,,,,
903,Argonne EES,TK,GE,GE: General Education,78,52,49,49,26,1,1,,4,3
435,Argonne ES,K,AF,AF: SDC - Mild/Mod Autism Focus,3,2,2,4,1,,,,,
435,Argonne ES,K,GE,GE: General Education,55,79,89,70,55,39,35,20,25,174
435,Argonne ES,1,GE,GE: General Education,2,3,3,4,2,1,3,1,4,1
435,Argonne ES,2,GE,GE: General Education,2,1,3,2,2,,1,,,
435,Argonne ES,3,AF,AF: SDC - Mild/Mod Autism Focus,,1,,,,,,,,
435,Argonne ES,3,GE,GE: General Education,2,,3,1,2,,,,1,
435,Argonne ES,4,GE,GE: General Education,,1,3,4,1,,,1,1,1
435,Argonne ES,5,GE,GE: General Education,1,,3,1,1,,,1,,
815,Asawa (Ruth) SOTA HS,9,GE,GE: General Education,236,128,121,107,107,10,10,1,4,5
815,Asawa (Ruth) SOTA HS,9,MM,MM: SDC - Mild to Moderate,,1,,,1,,,,1,
815,Asawa (Ruth) SOTA HS,10,GE,GE: General Education,5,5,3,3,3,,1,,,
815,Asawa (Ruth) SOTA HS,10,MM,MM: SDC - Mild to Moderate,,,,,1,,,,,
815,Asawa (Ruth) SOTA HS,11,GE,GE: General Education,2,2,2,2,4,,,,1,
815,Asawa (Ruth) SOTA HS,12,GE,GE: General Education,,,1,2,,1,,,,
815,Asawa (Ruth) SOTA HS,13,CA,CA: SDC - Transition Program (CAT),,1,,,,,,,,
439,Balboa HS,9,GE,GE: General Education,349,315,357,378,358,103,25,7,2,1
439,Balboa HS,9,MM,MM: SDC - Mild to Moderate,3,3,4,,,2,,1,,
439,Balboa HS,9,MS,MS: SDC - Moderate to Severe,2,5,1,,,,,,,
439,Balboa HS,9,NX,NX: Newcomer Program,3,,,1,,,,,,
439,Balboa HS,10,GE,GE: General Education,7,4,4,8,4,1,,,,
439,Balboa HS,10,NX,NX: Newcomer Program,1,,,,,,,,,
439,Balboa HS,11,GE,GE: General Education,7,7,7,4,2,,,,,1
439,Balboa HS,12,GE,GE: General Education,5,2,1,2,2,,1,,,
439,Balboa HS,13,CA,CA: SDC - Transition Program (CAT),7,5,3,2,,1,,,,
858,Brown Jr. (Willie) MS,6,GE,GE: General Education,126,89,53,41,42,33,4,6,4,13
858,Brown Jr. (Willie) MS,7,GE,GE: General Education,,3,,,1,,1,,,
858,Brown Jr. (Willie) MS,8,GE,GE: General Education,,1,,,,,,,,
456,Bryant ES,K,GE,GE: General Education,16,11,21,9,7,3,3,1,1,24
456,Bryant ES,K,SB,SB: Spanish Biliteracy,16,11,16,14,6,,2,,1,2
456,Bryant ES,1,GE,GE: General Education,1,1,1,,,,,,,
456,Bryant ES,1,SB,SB: Spanish Biliteracy,1,1,,,,,,,,
456,Bryant ES,2,GE,GE: General Education,,1,,,1,,,,,
456,Bryant ES,3,GE,GE: General Education,,,,1,2,,,,,
456,Bryant ES,4,GE,GE: General Education,,,,,1,,,,,1
456,Bryant ES,4,SB,SB: Spanish Biliteracy,,,1,,1,,,,,
456,Bryant ES,5,GE,GE: General Education,,,1,,,1,,,1,
618,Buena Vista Horace Mann K-8,K,MM,MM: SDC - Mild to Moderate,4,2,,1,,,,,,
618,Buena Vista Horace Mann K-8,K,SE,SE: Spanish Immersion (Non-Native),44,28,30,25,14,11,9,6,10,36
618,Buena Vista Horace Mann K-8,K,SN,SN: Spanish Immersion (Spanish Speakers),50,29,18,7,6,5,1,3,1,7
618,Buena Vista Horace Mann K-8,1,SE,SE: Spanish Immersion (Non-Native),3,1,2,1,,,,,,2
618,Buena Vista Horace Mann K-8,1,SN,SN: Spanish Immersion (Spanish Speakers),1,2,,,1,,,,,
618,Buena Vista Horace Mann K-8,2,MM,MM: SDC - Mild to Moderate,,1,,,,,,,,
618,Buena Vista Horace Mann K-8,2,SN,SN: Spanish Immersion (Spanish Speakers),2,1,,,2,,,,,
618,Buena Vista Horace Mann K-8,3,SN,SN: Spanish Immersion (Spanish Speakers),3,1,,,,,,,,
618,Buena Vista Horace Mann K-8,4,SN,SN: Spanish Immersion (Spanish Speakers),4,2,1,,,,,,,
618,Buena Vista Horace Mann K-8,5,SN,SN: Spanish Immersion (Spanish Speakers),6,2,,,,,,,,
618,Buena Vista Horace Mann K-8,6,SN,SN: Spanish Immersion (Spanish Speakers),59,45,27,22,12,2,,2,,2
618,Buena Vista Horace Mann K-8,7,SN,SN: Spanish Immersion (Spanish Speakers),2,,,,,,,,,
618,Buena Vista Horace Mann K-8,8,SN,SN: Spanish Immersion (Spanish Speakers),1,,,,,,,,,
764,Burton (Phillip and Sala) HS,9,GE,GE: General Education,212,173,141,136,118,53,30,26,11,6
764,Burton (Phillip and Sala) HS,9,MM,MM: SDC - Mild to Moderate,2,1,2,4,2,,1,,,
764,Burton (Phillip and Sala) HS,9,MS,MS: SDC - Moderate to Severe,,2,,,,,,,,
764,Burton (Phillip and Sala) HS,10,GE,GE: General Education,,4,4,1,1,,,,1,
764,Burton (Phillip and Sala) HS,11,GE,GE: General Education,3,2,3,2,1,1,,,,1
764,Burton (Phillip and Sala) HS,12,GE,GE: General Education,,2,2,,1,,,1,,
764,Burton (Phillip and Sala) HS,13,CA,CA: SDC - Transition Program (CAT),3,,1,2,,,,,,1
449,Carmichael (Bessie) K-8,TK,GE,GE: General Education,20,12,5,8,6,2,2,2,2,3
449,Carmichael (Bessie) K-8,K,FB,FB: Filipino FLES,6,3,3,,,,,,,1
449,Carmichael (Bessie) K-8,K,GE,GE: General Education,38,20,16,15,15,1,4,1,3,17
449,Carmichael (Bessie) K-8,1,FB,FB: Filipino FLES,1,,,,,,,,,
449,Carmichael (Bessie) K-8,1,GE,GE: General Education,,3,1,,2,,,,,
449,Carmichael (Bessie) K-8,2,GE,GE: General Education,2,1,,,,,,,,
449,Carmichael (Bessie) K-8,3,FB,FB: Filipino FLES,,,,,,1,,,,
449,Carmichael (Bessie) K-8,4,FB,FB: Filipino FLES,,,,1,,1,,,,
449,Carmichael (Bessie) K-8,4,GE,GE: General Education,2,,,,1,,,,,2
449,Carmichael (Bessie) K-8,5,GE,GE: General Education,,1,,1,,1,,,,
449,Carmichael (Bessie) K-8,6,GE,GE: General Education,17,13,9,13,12,1,2,1,,6
449,Carmichael (Bessie) K-8,7,GE,GE: General Education,,,,,,,,,,1
449,Carmichael (Bessie) K-8,8,GE,GE: General Education,1,,1,,,,,,,
625,Carver (Dr George W) ES,K,GE,GE: General Education,8,8,8,4,6,4,4,3,3,15
625,Carver (Dr George W) ES,3,GE,GE: General Education,,,,1,,,,,,
625,Carver (Dr George W) ES,4,GE,GE: General Education,,,,,,,,,,1
625,Carver (Dr George W) ES,5,GE,GE: General Education,,1,,,,,,,,
603,Chavez (Cesar) ES,K,GE,GE: General Education,13,21,23,15,13,14,2,3,1,31
603,Chavez (Cesar) ES,K,SB,SB: Spanish Biliteracy,21,26,21,18,5,1,,3,2,
603,Chavez (Cesar) ES,1,GE,GE: General Education,,,2,,1,,,,,1
603,Chavez (Cesar) ES,2,GE,GE: General Education,1,,,,,,,,,
603,Chavez (Cesar) ES,2,SB,SB: Spanish Biliteracy,,,1,1,,,,,,
603,Chavez (Cesar) ES,3,GE,GE: General Education,,1,1,1,,,,,,
603,Chavez (Cesar) ES,3,SB,SB: Spanish Biliteracy,,1,1,,,,,,,
603,Chavez (Cesar) ES,4,GE,GE: General Education,,,,1,,,,,,
603,Chavez (Cesar) ES,5,GE,GE: General Education,,,,,,,,1,,
603,Chavez (Cesar) ES,5,SB,SB: Spanish Biliteracy,,,,,1,,,,,
872,Chin (John Yehall) ES,K,CB,CB: Cantonese Biliteracy,25,20,32,13,6,2,2,1,1,2
872,Chin (John Yehall) ES,K,GE,GE: General Education,17,40,25,33,22,14,8,3,3,45
872,Chin (John Yehall) ES,1,CB,CB: Cantonese Biliteracy,,1,,,2,,,,,
872,Chin (John Yehall) ES,1,GE,GE: General Education,,,1,,1,2,,,,1
872,Chin (John Yehall) ES,2,CB,CB: Cantonese Biliteracy,1,1,,1,,,,,,
872,Chin (John Yehall) ES,2,GE,GE: General Education,1,1,,,2,,1,,1,
872,Chin (John Yehall) ES,3,GE,GE: General Education,1,,3,,1,,,,1,
872,Chin (John Yehall) ES,4,GE,GE: General Education,3,,5,,,,,,,2
872,Chin (John Yehall) ES,5,GE,GE: General Education,,,1,,1,,,,,
509,Chinese Immersion School at DeAvila ES,K,CE,CE: Cantonese Immersion (All English),54,43,50,42,21,20,17,8,6,64
509,Chinese Immersion School at DeAvila ES,K,CN,CN: Cantonese Immersion (Cantonese Speakers),32,19,13,16,7,3,4,1,1,7
509,Chinese Immersion School at DeAvila ES,1,CE,CE: Cantonese Immersion (All English),6,,3,1,,1,1,,,1
509,Chinese Immersion School at DeAvila ES,1,CN,CN: Cantonese Immersion (Cantonese Speakers),2,,2,,,,,1,,
509,Chinese Immersion School at DeAvila ES,2,CN,CN: Cantonese Immersion (Cantonese Speakers),,,1,,3,,,1,,
509,Chinese Immersion School at DeAvila ES,3,CN,CN: Cantonese Immersion (Cantonese Speakers),,,,,,,,1,,
509,Chinese Immersion School at DeAvila ES,4,CN,CN: Cantonese Immersion (Cantonese Speakers),,1,,,,,,,,
509,Chinese Immersion School at DeAvila ES,5,CN,CN: Cantonese Immersion (Cantonese Speakers),,1,,,,,,,,
478,Clarendon ES,K,GE,GE: General Education,92,116,110,109,93,60,57,45,41,102
478,Clarendon ES,K,JE,JE: Japanese Bilingual Bicultural Program - English Cohort,58,77,53,40,38,15,15,12,11,39
478,Clarendon ES,K,JN,JN: Japanese Bilingual Bicultural Program - Japanese Cohort,12,2,2,3,,,,,,
478,Clarendon ES,K,MM,MM: SDC - Mild to Moderate,2,4,4,,,,,,,
478,Clarendon ES,1,GE,GE: General Education,7,4,8,8,3,4,2,4,1,4
478,Clarendon ES,1,JB,JB: Japanese Bilingual Bicultural Prgram,3,6,,2,4,1,,,,1
478,Clarendon ES,1,MM,MM: SDC - Mild to Moderate,,1,,,,,,,,
478,Clarendon ES,2,GE,GE: General Education,2,5,5,5,2,,1,2,1,
478,Clarendon ES,2,JB,JB: Japanese Bilingual Bicultural Prgram,3,2,1,,1,,,,,
478,Clarendon ES,3,GE,GE: General Education,3,3,1,6,1,1,,,,1
478,Clarendon ES,3,JB,JB: Japanese Bilingual Bicultural Prgram,1,1,1,1,1,,,,,
478,Clarendon ES,4,GE,GE: General Education,3,,4,1,5,,1,1,,
478,Clarendon ES,4,JB,JB: Japanese Bilingual Bicultural Prgram,1,1,1,,,,,,,
478,Clarendon ES,5,GE,GE: General Education,1,1,3,3,4,1,2,,,
478,Clarendon ES,5,JB,JB: Japanese Bilingual Bicultural Prgram,,1,,,,,,,,
481,Cleveland ES,K,GE,GE: General Education,7,20,10,8,15,6,1,2,,23
481,Cleveland ES,K,SB,SB: Spanish Biliteracy,15,13,13,4,1,,1,,2,
481,Cleveland ES,1,GE,GE: General Education,1,1,,,1,,,,,
481,Cleveland ES,1,SB,SB: Spanish Biliteracy,,1,,,,,1,,,
481,Cleveland ES,2,GE,GE: General Education,,,,,,2,,,,
481,Cleveland ES,2,SB,SB: Spanish Biliteracy,,2,,,,,,,,
481,Cleveland ES,3,GE,GE: General Education,,1,,1,1,,,,,
481,Cleveland ES,4,GE,GE: General Education,,,1,,,,,,,1
481,Cleveland ES,4,SB,SB: Spanish Biliteracy,,1,,,,,,,,
481,Cleveland ES,5,GE,GE: General Education,,,,,1,,,,,
525,Cobb (Dr William L) ES,TK,GE,GE: General Education,8,31,30,19,10,11,3,3,1,6
525,Cobb (Dr William L) ES,K,GE,GE: General Education,23,15,17,11,24,14,9,7,6,57
525,Cobb (Dr William L) ES,1,GE,GE: General Education,,1,,2,,,,,,3
525,Cobb (Dr William L) ES,2,GE,GE: General Education,,,,,1,,,,1,
525,Cobb (Dr William L) ES,4,GE,GE: General Education,,,,,,,,,,1
632,Denman (James) MS,6,AF,AF: SDC - Mild/Mod Autism Focus,3,,3,1,,,,,,
632,Denman (James) MS,6,ED,ED: SDC - Emotionally Disturbed,,1,1,,,,,1,,
632,Denman (James) MS,6,GE,GE: General Education,231,121,77,68,54,14,9,4,5,12
632,Denman (James) MS,6,MM,MM: SDC - Mild to Moderate,2,4,1,1,5,,,,,
632,Denman (James) MS,6,MS,MS: SDC - Moderate to Severe,3,2,3,1,,,,,,
632,Denman (James) MS,7,GE,GE: General Education,3,2,1,5,,,,,,
632,Denman (James) MS,8,GE,GE: General Education,2,2,1,1,,,,,,
507,Drew (Dr Charles) College Preparatory Academy ES,TK,GE,GE: General Education,16,8,6,4,4,3,1,1,1,7
507,Drew (Dr Charles) College Preparatory Academy ES,K,GE,GE: General Education,30,11,8,7,5,8,1,2,1,14
507,Drew (Dr Charles) College Preparatory Academy ES,1,GE,GE: General Education,,1,,,,1,,,,
507,Drew (Dr Charles) College Preparatory Academy ES,2,GE,GE: General Education,,1,,,,,,,,
507,Drew (Dr Charles) College Preparatory Academy ES,3,GE,GE: General Education,,,1,,,,,,,
507,Drew (Dr Charles) College Preparatory Academy ES,4,GE,GE: General Education,,,,,,,,,,1
507,Drew (Dr Charles) College Preparatory Academy ES,5,GE,GE: General Education,,,,1,,,,,,
521,El Dorado ES,TK,GE,GE: General Education,6,10,11,5,7,7,2,1,1,2
521,El Dorado ES,K,GE,GE: General Education,4,17,13,8,7,8,3,1,3,20
521,El Dorado ES,1,GE,GE: General Education,,1,1,1,,,,,,
521,El Dorado ES,2,GE,GE: General Education,,1,,,,,,,,
521,El Dorado ES,3,GE,GE: General Education,,,1,,,,,,,
521,El Dorado ES,4,GE,GE: General Education,,,,,,,,,,1
529,Everett MS,6,AF,AF: SDC - Mild/Mod Autism Focus,2,2,1,,,,,,,
529,Everett MS,6,GE,GE: General Education,105,71,66,45,57,13,6,7,10,13
529,Everett MS,6,MM,MM: SDC - Mild to Moderate,4,5,4,,2,,,1,,
529,Everett MS,6,MS,MS: SDC - Moderate to Severe,,1,1,,4,,,,,
529,Everett MS,6,NX,NX: Newcomer Program,5,6,1,,1,,,,,
529,Everett MS,6,SN,SN: Spanish Immersion (Spanish Speakers),54,42,31,15,5,4,,1,2,1
529,Everett MS,7,GE,GE: General Education,,1,2,4,,1,,1,,
529,Everett MS,7,NX,NX: Newcomer Program,,1,,,,,,,,
529,Everett MS,7,SN,SN: Spanish Immersion (Spanish Speakers),,,1,,,,,,,
529,Everett MS,8,GE,GE: General Education,2,1,1,,,1,,,,
529,Everett MS,8,NX,NX: Newcomer Program,1,,2,,,,,,,
539,Feinstein (Dianne) ES,TK,GE,GE: General Education,,2,8,6,4,4,,,,
539,Feinstein (Dianne) ES,K,GE,GE: General Education,30,24,33,62,65,22,33,32,31,163
539,Feinstein (Dianne) ES,1,GE,GE: General Education,1,2,4,1,1,3,3,1,2,2
539,Feinstein (Dianne) ES,2,GE,GE: General Education,1,2,,1,2,1,1,1,,
539,Feinstein (Dianne) ES,3,ED,ED: SDC - Emotionally Disturbed,1,,,,,,,,,
539,Feinstein (Dianne) ES,3,GE,GE: General Education,2,1,1,3,2,1,,,1,
539,Feinstein (Dianne) ES,4,ED,ED: SDC - Emotionally Disturbed,,1,,,,,,,,
539,Feinstein (Dianne) ES,4,GE,GE: General Education,,3,,1,1,4,1,1,,1
539,Feinstein (Dianne) ES,5,GE,GE: General Education,,3,1,,1,3,2,,,
680,Flynn (Leonard R) ES,TK,GE,GE: General Education,23,31,31,23,15,4,1,2,1,6
680,Flynn (Leonard R) ES,K,GE,GE: General Education,20,18,16,15,6,9,8,4,4,44
680,Flynn (Leonard R) ES,K,SE,SE: Spanish Immersion (Non-Native),20,28,20,20,10,12,5,7,3,30
680,Flynn (Leonard R) ES,K,SN,SN: Spanish Immersion (Spanish Speakers),18,11,17,19,11,2,5,1,,9
680,Flynn (Leonard R) ES,1,GE,GE: General Education,,2,,1,,1,,,3,
680,Flynn (Leonard R) ES,1,SE,SE: Spanish Immersion (Non-Native),2,1,1,3,1,2,,1,,1
680,Flynn (Leonard R) ES,1,SN,SN: Spanish Immersion (Spanish Speakers),1,,,1,,,,,,
680,Flynn (Leonard R) ES,2,GE,GE: General Education,2,,1,1,,,,,,1
680,Flynn (Leonard R) ES,2,SN,SN: Spanish Immersion (Spanish Speakers),,1,,,1,,1,,,
680,Flynn (Leonard R) ES,4,ED,ED: SDC - Emotionally Disturbed,1,,,,,,,,,
680,Flynn (Leonard R) ES,4,GE,GE: General Education,,1,1,,,,,,,1
680,Flynn (Leonard R) ES,4,SN,SN: Spanish Immersion (Spanish Speakers),,,,2,1,,,,,
680,Flynn (Leonard R) ES,5,SN,SN: Spanish Immersion (Spanish Speakers),1,1,1,,,,,,,
546,Francisco MS,6,ED,ED: SDC - Emotionally Disturbed,1,,,2,,1,,,,
546,Francisco MS,6,GE,GE: General Education,140,117,87,65,35,14,8,7,5,13
546,Francisco MS,6,MM,MM: SDC - Mild to Moderate,1,1,,1,2,,,,,
546,Francisco MS,6,NX,NX: Newcomer Program,13,1,1,1,1,,,,,
546,Francisco MS,6,SA,SA: SDC - Mod/Severe Autism Focus,2,1,2,,,,,,,
546,Francisco MS,7,GE,GE: General Education,1,1,3,2,1,,,,,1
546,Francisco MS,7,NX,NX: Newcomer Program,1,,,,,,,,,
546,Francisco MS,8,GE,GE: General Education,2,4,,2,,,,,,
546,Francisco MS,8,NX,NX: Newcomer Program,3,,,,,,,,,
559,Galileo HS,9,ED,ED: SDC - Emotionally Disturbed,1,1,3,,,,,,,
559,Galileo HS,9,GE,GE: General Education,368,315,381,484,368,66,19,14,2,1
559,Galileo HS,9,MM,MM: SDC - Mild to Moderate,5,7,,3,1,2,1,,,
559,Galileo HS,9,MS,MS: SDC - Moderate to Severe,1,,2,,3,,,,,
559,Galileo HS,9,NX,NX: Newcomer Program,16,6,2,,1,,,,,1
559,Galileo HS,10,GE,GE: General Education,2,5,7,8,3,1,,,,
559,Galileo HS,10,MM,MM: SDC - Mild to Moderate,,,,1,,,,,,
559,Galileo HS,10,NX,NX: Newcomer Program,2,,1,,,,,,,
559,Galileo HS,11,GE,GE: General Education,6,8,8,5,5,2,,,,
559,Galileo HS,12,GE,GE: General Education,3,3,,3,3,,,,,
559,Galileo HS,13,CA,CA: SDC - Transition Program (CAT),4,4,3,3,,1,,,,
562,Garfield ES,K,AF,AF: SDC - Mild/Mod Autism Focus,5,1,4,,2,,,1,,
562,Garfield ES,K,CE,CE: Cantonese Immersion (All English),9,4,9,7,4,5,2,1,1,15
562,Garfield ES,K,CN,CN: Cantonese Immersion (Cantonese Speakers),3,1,2,6,5,3,3,,4,2
562,Garfield ES,K,GE,GE: General Education,10,20,10,29,13,4,1,7,4,49
562,Garfield ES,1,CE,CE: Cantonese Immersion (All English),,,,,1,,,,,
562,Garfield ES,1,GE,GE: General Education,1,1,,1,,,,,,1
562,Garfield ES,2,GE,GE: General Education,,1,1,1,,,,,,
562,Garfield ES,3,GE,GE: General Education,1,1,,,1,,,,,1
562,Garfield ES,4,CN,CN: Cantonese Immersion (Cantonese Speakers),,,,2,,,,,,
562,Garfield ES,4,GE,GE: General Education,1,1,,,2,,,,,1
562,Garfield ES,5,GE,GE: General Education,,,1,,,,,,,
404,Giannini (A.P.) MS,6,AF,AF: SDC - Mild/Mod Autism Focus,5,4,1,,1,,,,,
404,Giannini (A.P.) MS,6,GE,GE: General Education,545,303,306,166,126,25,4,,3,2
404,Giannini (A.P.) MS,6,MM,MM: SDC - Mild to Moderate,11,2,3,1,,1,,,,
404,Giannini (A.P.) MS,6,MS,MS: SDC - Moderate to Severe,6,2,,,1,,,,,
404,Giannini (A.P.) MS,6,SA,SA: SDC - Mod/Severe Autism Focus,1,4,1,,,,,,,
404,Giannini (A.P.) MS,7,GE,GE: General Education,10,4,10,5,3,1,,1,,
404,Giannini (A.P.) MS,7,MM,MM: SDC - Mild to Moderate,,1,,,,,,,,
404,Giannini (A.P.) MS,8,GE,GE: General Education,9,5,2,,2,,,,,
575,Glen Park ES,K,GE,GE: General Education,40,36,29,54,35,29,22,16,18,98
575,Glen Park ES,K,SA,SA: SDC - Mod/Severe Autism Focus,7,6,,1,,,,,,
575,Glen Park ES,K,SB,SB: Spanish Biliteracy,3,5,9,6,5,1,,2,,1
575,Glen Park ES,1,GE,GE: General Education,2,,,1,1,,,,,4
575,Glen Park ES,1,SB,SB: Spanish Biliteracy,,,,,1,,,,,
575,Glen Park ES,2,GE,GE: General Education,,1,2,,,1,1,,,1
575,Glen Park ES,3,GE,GE: General Education,1,,1,1,1,,,,,
575,Glen Park ES,3,SB,SB: Spanish Biliteracy,,,,1,,,,,,
575,Glen Park ES,4,GE,GE: General Education,1,2,,,,1,,,,1
575,Glen Park ES,4,SB,SB: Spanish Biliteracy,,,,,1,,,,,
575,Glen Park ES,5,GE,GE: General Education,,1,,,1,,,,,
575,Glen Park ES,5,SB,SB: Spanish Biliteracy,,1,,,,,,,,
589,Grattan ES,K,GE,GE: General Education,69,63,68,69,73,35,36,37,30,129
589,Grattan ES,K,SA,SA: SDC - Mod/Severe Autism Focus,4,5,3,1,,,,,,
589,Grattan ES,1,GE,GE: General Education,5,3,1,5,4,,3,1,1,5
589,Grattan ES,2,GE,GE: General Education,4,,5,1,,,,,,1
589,Grattan ES,3,GE,GE: General Education,1,3,4,1,,,,,,1
589,Grattan ES,4,GE,GE: General Education,1,4,2,,4,,1,,,2
589,Grattan ES,5,GE,GE: General Education,2,1,,4,1,1,1,,,
593,Guadalupe ES,K,GE,GE: General Education,13,17,13,9,6,6,3,1,,18
593,Guadalupe ES,K,SB,SB: Spanish Biliteracy,14,9,9,2,2,1,1,1,,
593,Guadalupe ES,3,SB,SB: Spanish Biliteracy,,1,,,,,,,,
593,Guadalupe ES,4,GE,GE: General Education,,,,,,,,,,1
593,Guadalupe ES,5,GE,GE: General Education,,,,1,,,,,,
453,Harte (Bret) ES,TK,GE,GE: General Education,4,17,9,11,8,4,1,1,,6
453,Harte (Bret) ES,K,GE,GE: General Education,20,10,3,5,3,1,,,,14
453,Harte (Bret) ES,K,SE,SE: Spanish Immersion (Non-Native),11,3,2,2,1,1,1,,1,7
453,Harte (Bret) ES,K,SN,SN: Spanish Immersion (Spanish Speakers),3,1,1,1,,,,,,3
453,Harte (Bret) ES,1,SN,SN: Spanish Immersion (Spanish Speakers),1,,,,,,,,,
453,Harte (Bret) ES,2,GE,GE: General Education,2,,,,,,,,,
453,Harte (Bret) ES,2,SN,SN: Spanish Immersion (Spanish Speakers),2,,,,,,,,,
453,Harte (Bret) ES,4,GE,GE: General Education,,,,,,,,,,1
453,Harte (Bret) ES,5,GE,GE: General Education,,,1,,,,,,,
614,Hillcrest ES,TK,GE,GE: General Education,,8,4,5,5,4,2,,,
614,Hillcrest ES,K,GE,GE: General Education,16,27,18,18,19,7,5,3,7,35
614,Hillcrest ES,K,MM,MM: SDC - Mild to Moderate,,4,1,2,1,,,,,
614,Hillcrest ES,K,SB,SB: Spanish Biliteracy,11,8,8,7,2,,,,2,1
614,Hillcrest ES,1,GE,GE: General Education,,1,,,,,1,,,
614,Hillcrest ES,1,SB,SB: Spanish Biliteracy,,,,,1,,,,,
614,Hillcrest ES,2,GE,GE: General Education,,,,,,1,,,,
614,Hillcrest ES,2,SB,SB: Spanish Biliteracy,,,1,,,,,,,
614,Hillcrest ES,3,GE,GE: General Education,,,,,1,,,,,
614,Hillcrest ES,3,SB,SB: Spanish Biliteracy,,,1,,,,,,,
614,Hillcrest ES,4,GE,GE: General Education,1,1,2,,,,,,,1
614,Hillcrest ES,4,SB,SB: Spanish Biliteracy,,1,,1,,,,,,
614,Hillcrest ES,5,GE,GE: General Education,,1,2,,,1,,,,
614,Hillcrest ES,5,SB,SB: Spanish Biliteracy,,1,,1,,,,,,
607,Hoover (Herbert) MS,6,CN,CN: Cantonese Immersion (Cantonese Speakers),76,23,11,11,6,1,1,,,
607,Hoover (Herbert) MS,6,ED,ED: SDC - Emotionally Disturbed,3,1,,,,,1,,,
607,Hoover (Herbert) MS,6,GE,GE: General Education,262,321,237,182,120,35,18,4,2,3
607,Hoover (Herbert) MS,6,MM,MM: SDC - Mild to Moderate,3,7,1,4,,,,,,
607,Hoover (Herbert) MS,6,SN,SN: Spanish Immersion (Spanish Speakers),57,29,21,14,8,,2,,,
607,Hoover (Herbert) MS,7,CN,CN: Cantonese Immersion (Cantonese Speakers),1,,,,,,,,,
607,Hoover (Herbert) MS,7,GE,GE: General Education,4,7,3,3,2,2,1,,,
607,Hoover (Herbert) MS,7,MM,MM: SDC - Mild to Moderate,,,,1,,,,,,
607,Hoover (Herbert) MS,8,CN,CN: Cantonese Immersion (Cantonese Speakers),1,,,,,,,,,
607,Hoover (Herbert) MS,8,GE,GE: General Education,2,7,4,,1,,,,,
607,Hoover (Herbert) MS,8,SN,SN: Spanish Immersion (Spanish Speakers),1,1,,,,,,,,
537,Huerta (Dolores) ES,K,MS,MS: SDC - Moderate to Severe,1,2,,1,,,,,,
537,Huerta (Dolores) ES,K,SE,SE: Spanish Immersion (Non-Native),42,41,32,32,19,13,6,5,8,35
537,Huerta (Dolores) ES,K,SN,SN: Spanish Immersion (Spanish Speakers),32,17,23,9,4,3,2,3,1,4
537,Huerta (Dolores) ES,1,SE,SE: Spanish Immersion (Non-Native),1,3,1,1,,,1,,,1
537,Huerta (Dolores) ES,1,SN,SN: Spanish Immersion (Spanish Speakers),4,2,,,,,,,,
537,Huerta (Dolores) ES,2,SN,SN: Spanish Immersion (Spanish Speakers),,1,1,2,,,,,,
537,Huerta (Dolores) ES,3,SN,SN: Spanish Immersion (Spanish Speakers),,,,1,1,,,,,
537,Huerta (Dolores) ES,4,SN,SN: Spanish Immersion (Spanish Speakers),1,1,,,1,,,,,
537,Huerta (Dolores) ES,5,SN,SN: Spanish Immersion (Spanish Speakers),,,3,1,,,,,,
466,Independence HS,11,GE,GE: General Education,,,,,1,,,,,
466,Independence HS,12,GE,GE: General Education,,,,2,,,,,,
644,Jefferson ES,K,AF,AF: SDC - Mild/Mod Autism Focus,4,3,4,4,2,,,,,
644,Jefferson ES,K,GE,GE: General Education,75,53,88,65,103,72,58,49,41,170
644,Jefferson ES,1,GE,GE: General Education,5,3,3,5,6,2,3,2,,3
644,Jefferson ES,2,GE,GE: General Education,3,3,3,2,2,2,1,,1,
644,Jefferson ES,3,AF,AF: SDC - Mild/Mod Autism Focus,1,,,,,,,,,
644,Jefferson ES,3,GE,GE: General Education,2,3,2,1,1,3,,,,3
644,Jefferson ES,4,GE,GE: General Education,2,4,1,4,1,,4,,,
644,Jefferson ES,5,GE,GE: General Education,,,1,2,7,1,,1,,1
757,Jordan (June) HS,9,GE,GE: General Education,23,60,88,74,42,20,6,5,5,26
757,Jordan (June) HS,9,MM,MM: SDC - Mild to Moderate,1,2,1,2,1,,,,,
757,Jordan (June) HS,9,MS,MS: SDC - Moderate to Severe,2,1,,,,,,,,
757,Jordan (June) HS,10,GE,GE: General Education,2,2,1,,,,,,,
757,Jordan (June) HS,11,GE,GE: General Education,,,1,,,,,,,
757,Jordan (June) HS,12,GE,GE: General Education,3,,,,1,,,,1,
544,Key (Francis Scott) ES,K,GE,GE: General Education,82,53,60,71,49,40,30,24,30,132
544,Key (Francis Scott) ES,K,MS,MS: SDC - Moderate to Severe,,,2,1,,,,,,
544,Key (Francis Scott) ES,1,GE,GE: General Education,2,3,6,1,3,2,1,,,3
544,Key (Francis Scott) ES,2,GE,GE: General Education,2,1,4,2,,3,1,,,1
544,Key (Francis Scott) ES,3,GE,GE: General Education,1,3,1,2,2,,,1,,1
544,Key (Francis Scott) ES,4,GE,GE: General Education,5,4,2,,,1,,1,,3
544,Key (Francis Scott) ES,5,GE,GE: General Education,2,1,6,1,,,1,1,,
838,King (Thomas Starr) ES,K,GE,GE: General Education,4,13,11,10,12,5,5,8,1,40
838,King (Thomas Starr) ES,K,ME,ME: Mandarin Immersion (Non-Native),22,15,11,5,13,4,7,8,5,29
838,King (Thomas Starr) ES,K,MN,MN: Mandarin Immersion (Mandarin Speakers),23,31,5,2,5,4,4,,1,9
838,King (Thomas Starr) ES,K,SA,SA: SDC - Mod/Severe Autism Focus,3,,,,2,,,,,
838,King (Thomas Starr) ES,1,GE,GE: General Education,,1,,1,,,,,,
838,King (Thomas Starr) ES,1,ME,ME: Mandarin Immersion (Non-Native),1,1,2,2,,2,,1,,
838,King (Thomas Starr) ES,1,MN,MN: Mandarin Immersion (Mandarin Speakers),,3,,,,,,,,
838,King (Thomas Starr) ES,2,GE,GE: General Education,,,,1,,1,,,,
838,King (Thomas Starr) ES,2,MN,MN: Mandarin Immersion (Mandarin Speakers),,2,,,,,,,,
838,King (Thomas Starr) ES,3,MN,MN: Mandarin Immersion (Mandarin Speakers),,1,,,,,,,,
838,King (Thomas Starr) ES,4,GE,GE: General Education,,1,,,,,,,,1
838,King (Thomas Starr) ES,5,GE,GE: General Education,,1,,,,,,,,
710,King Jr (Dr Martin L) MS,6,GE,GE: General Education,143,68,59,39,37,39,7,7,5,8
710,King Jr (Dr Martin L) MS,6,MM,MM: SDC - Mild to Moderate,1,4,,2,,,,,,
710,King Jr (Dr Martin L) MS,7,GE,GE: General Education,,,,,,,,,1,
710,King Jr (Dr Martin L) MS,7,MM,MM: SDC - Mild to Moderate,,,,,1,,,,,
710,King Jr (Dr Martin L) MS,8,GE,GE: General Education,,,2,1,1,,,,,
664,Lafayette ES,K,GE,GE: General Education,64,33,47,59,53,42,28,27,20,137
664,Lafayette ES,1,GE,GE: General Education,1,3,4,3,2,3,2,1,,1
664,Lafayette ES,2,GE,GE: General Education,4,2,,1,,,1,,,1
664,Lafayette ES,3,GE,GE: General Education,2,1,3,1,1,2,,2,,1
664,Lafayette ES,4,GE,GE: General Education,4,1,,,,1,,1,,1
664,Lafayette ES,5,GE,GE: General Education,1,2,1,2,1,,,,,1
670,Lakeshore ES,K,AF,AF: SDC - Mild/Mod Autism Focus,2,4,3,2,1,,,,,
670,Lakeshore ES,K,GE,GE: General Education,30,19,18,23,31,14,11,11,13,90
670,Lakeshore ES,1,AF,AF: SDC - Mild/Mod Autism Focus,1,,,,,,,,,
670,Lakeshore ES,1,GE,GE: General Education,2,4,1,3,1,,3,,,3
670,Lakeshore ES,2,GE,GE: General Education,,2,2,1,,1,,,,1
670,Lakeshore ES,3,AF,AF: SDC - Mild/Mod Autism Focus,,,1,,,,,,,
670,Lakeshore ES,3,GE,GE: General Education,1,3,3,,,,1,,,
670,Lakeshore ES,4,GE,GE: General Education,,1,1,1,2,,1,,,2
670,Lakeshore ES,5,GE,GE: General Education,,,1,1,,,,,,1
490,Lau (Gordon J) ES,K,CB,CB: Cantonese Biliteracy,61,17,14,5,9,1,4,1,3,5
490,Lau (Gordon J) ES,K,GE,GE: General Education,30,40,14,26,18,11,5,6,5,41
490,Lau (Gordon J) ES,1,CB,CB: Cantonese Biliteracy,2,2,1,,,,,,,
490,Lau (Gordon J) ES,1,GE,GE: General Education,1,,1,1,,,,,,
490,Lau (Gordon J) ES,2,CB,CB: Cantonese Biliteracy,1,,1,1,1,,,,,
490,Lau (Gordon J) ES,2,GE,GE: General Education,1,1,,1,,,,,,
490,Lau (Gordon J) ES,3,CB,CB: Cantonese Biliteracy,3,3,,,,,,,,
490,Lau (Gordon J) ES,3,GE,GE: General Education,,2,,1,,1,,,,
490,Lau (Gordon J) ES,4,CB,CB: Cantonese Biliteracy,1,1,,,,1,,,,
490,Lau (Gordon J) ES,4,GE,GE: General Education,3,2,,,2,,1,1,1,1
490,Lau (Gordon J) ES,5,CB,CB: Cantonese Biliteracy,,1,,1,,,,,,
490,Lau (Gordon J) ES,5,GE,GE: General Education,1,,,,1,,,,,
676,Lawton K-8,K,GE,GE: General Education,137,108,127,109,101,58,39,38,23,136
676,Lawton K-8,K,MS,MS: SDC - Moderate to Severe,,3,,,1,,,,,
676,Lawton K-8,1,GE,GE: General Education,7,11,5,7,7,1,1,,,7
676,Lawton K-8,2,GE,GE: General Education,6,6,2,3,4,,,1,,1
676,Lawton K-8,2,MS,MS: SDC - Moderate to Severe,,1,,,,,,,,
676,Lawton K-8,3,GE,GE: General Education,5,6,3,5,6,,,,,1
676,Lawton K-8,4,GE,GE: General Education,8,7,3,5,2,1,,1,1,1
676,Lawton K-8,5,GE,GE: General Education,10,7,1,2,,,,1,,
676,Lawton K-8,6,GE,GE: General Education,50,174,147,172,116,24,14,3,4,3
676,Lawton K-8,6,MS,MS: SDC - Moderate to Severe,,3,,3,1,,,,,
676,Lawton K-8,7,GE,GE: General Education,7,6,9,1,4,2,,,,
676,Lawton K-8,8,GE,GE: General Education,2,2,2,,,,,,,
476,Lee (Edwin and Anita) Newcomer ES,1,NC,NC: Chinese Newcomer,,,,1,1,,2,,,
476,Lee (Edwin and Anita) Newcomer ES,2,NC,NC: Chinese Newcomer,,1,,,,2,2,1,1,1
476,Lee (Edwin and Anita) Newcomer ES,3,NC,NC: Chinese Newcomer,,,,1,,3,,,,2
476,Lee (Edwin and Anita) Newcomer ES,4,NC,NC: Chinese Newcomer,,,2,2,1,1,1,1,1,
476,Lee (Edwin and Anita) Newcomer ES,5,NC,NC: Chinese Newcomer,1,,1,1,,1,,,,
634,Lick (James) MS,6,ED,ED: SDC - Emotionally Disturbed,4,,1,,,,,,1,
634,Lick (James) MS,6,GE,GE: General Education,63,89,77,74,57,12,11,5,3,9
634,Lick (James) MS,6,MM,MM: SDC - Mild to Moderate,4,2,5,3,,,,,,
634,Lick (James) MS,6,SN,SN: Spanish Immersion (Spanish Speakers),56,32,34,16,11,4,,,,3
634,Lick (James) MS,7,GE,GE: General Education,3,1,2,,2,,,,,
634,Lick (James) MS,7,SN,SN: Spanish Immersion (Spanish Speakers),,1,,,,,,,,
634,Lick (James) MS,8,GE,GE: General Education,3,1,2,,,,1,,,
479,Lilienthal (Claire) K-8,K,GE,GE: General Education,127,152,64,57,47,27,20,17,13,92
479,Lilienthal (Claire) K-8,K,KE,KE: Korean Immersion (Non-Native),38,34,18,11,10,6,4,3,2,32
479,Lilienthal (Claire) K-8,K,KN,KN: Korean Immersion (Korean Speakers),9,3,1,,,,,,,
479,Lilienthal (Claire) K-8,1,GE,GE: General Education,10,5,7,2,2,1,2,1,2,2
479,Lilienthal (Claire) K-8,1,KE,KE: Korean Immersion (Non-Native),,,,1,2,,1,,1,1
479,Lilienthal (Claire) K-8,2,GE,GE: General Education,8,2,2,,1,1,,,,
479,Lilienthal (Claire) K-8,2,KN,KN: Korean Immersion (Korean Speakers),1,,,,,,,,,
479,Lilienthal (Claire) K-8,3,GE,GE: General Education,6,5,1,4,,,,,,1
479,Lilienthal (Claire) K-8,3,KN,KN: Korean Immersion (Korean Speakers),,,,,1,,,,,
479,Lilienthal (Claire) K-8,4,GE,GE: General Education,1,2,6,2,1,1,,1,1,
479,Lilienthal (Claire) K-8,5,GE,GE: General Education,11,5,1,3,3,,,,,
479,Lilienthal (Claire) K-8,6,GE,GE: General Education,47,71,88,78,51,17,10,15,3,3
479,Lilienthal (Claire) K-8,7,GE,GE: General Education,9,5,5,1,6,1,,,,
479,Lilienthal (Claire) K-8,8,GE,GE: General Education,2,1,2,2,1,1,,,,
405,Lincoln (Abraham) HS,9,AF,AF: SDC - Mild/Mod Autism Focus,5,3,,,,,,,,
405,Lincoln (Abraham) HS,9,ED,ED: SDC - Emotionally Disturbed,1,2,1,,,,,,,
405,Lincoln (Abraham) HS,9,GE,GE: General Education,840,"1,329",646,311,139,17,6,1,2,
405,Lincoln (Abraham) HS,9,MM,MM: SDC - Mild to Moderate,6,7,2,1,2,,,,,
405,Lincoln (Abraham) HS,9,MS,MS: SDC - Moderate to Severe,1,4,2,3,1,,,,,
405,Lincoln (Abraham) HS,9,NX,NX: Newcomer Program,2,1,2,1,1,,,,,
405,Lincoln (Abraham) HS,9,SA,SA: SDC - Mod/Severe Autism Focus,1,1,,,,,,,,
405,Lincoln (Abraham) HS,10,AF,AF: SDC - Mild/Mod Autism Focus,1,,,,,,,,,
405,Lincoln (Abraham) HS,10,GE,GE: General Education,16,31,14,6,5,,,,,
405,Lincoln (Abraham) HS,10,NX,NX: Newcomer Program,,,1,,,,,,,
405,Lincoln (Abraham) HS,11,GE,GE: General Education,31,33,9,5,3,,,,,
405,Lincoln (Abraham) HS,11,NX,NX: Newcomer Program,1,,,,,,,,,
405,Lincoln (Abraham) HS,11,SA,SA: SDC - Mod/Severe Autism Focus,,1,,,,,,,,
405,Lincoln (Abraham) HS,12,GE,GE: General Education,3,5,5,3,1,,,,,
691,Longfellow ES,K,FB,FB: Filipino FLES,4,5,,1,1,,1,1,,2
691,Longfellow ES,K,GE,GE: General Education,18,15,16,14,9,9,4,4,5,21
691,Longfellow ES,K,MM,MM: SDC - Mild to Moderate,1,1,1,1,,,,,,
691,Longfellow ES,K,SB,SB: Spanish Biliteracy,23,7,8,2,,,,,,1
691,Longfellow ES,1,GE,GE: General Education,,,,2,,,,,,
691,Longfellow ES,2,FB,FB: Filipino FLES,1,2,,,,,,,,
691,Longfellow ES,2,GE,GE: General Education,,1,,,,,,,,
691,Longfellow ES,3,FB,FB: Filipino FLES,1,,,,,,,,,
691,Longfellow ES,4,GE,GE: General Education,,,,2,,,,,,1
691,Longfellow ES,4,SB,SB: Spanish Biliteracy,1,,,,,,,,,
691,Longfellow ES,5,GE,GE: General Education,,,1,,,,,,,
691,Longfellow ES,5,SB,SB: Spanish Biliteracy,,1,,,,,,,,
697,Lowell HS,9,AF,AF: SDC - Mild/Mod Autism Focus,5,5,,,,,,,,
697,Lowell HS,9,GE,GE: General Education,"1,595",745,446,196,148,17,7,1,1,1
697,Lowell HS,9,MM,MM: SDC - Mild to Moderate,6,3,3,2,1,,,,,1
697,Lowell HS,9,MS,MS: SDC - Moderate to Severe,5,1,5,1,1,,,,,
697,Lowell HS,9,SA,SA: SDC - Mod/Severe Autism Focus,4,,,,,,,,,
697,Lowell HS,10,AF,AF: SDC - Mild/Mod Autism Focus,,1,,,,,,,,
697,Lowell HS,10,GE,GE: General Education,53,14,6,2,1,,,,,
697,Lowell HS,11,GE,GE: General Education,40,15,11,3,1,,,,,
697,Lowell HS,11,SA,SA: SDC - Mod/Severe Autism Focus,1,,,,,,,,,
697,Lowell HS,12,GE,GE: General Education,8,6,1,1,,,,,,1
697,Lowell HS,13,CA,CA: SDC - Transition Program (CAT),6,4,3,2,1,,1,,,
830,Malcolm X Academy ES,TK,GE,GE: General Education,5,9,8,9,4,6,2,,,4
830,Malcolm X Academy ES,K,GE,GE: General Education,10,6,1,5,4,1,1,1,1,15
830,Malcolm X Academy ES,4,GE,GE: General Education,,,,,,,,,,1
830,Malcolm X Academy ES,5,GE,GE: General Education,,,1,,,,,,,
708,Marina MS,6,AF,AF: SDC - Mild/Mod Autism Focus,3,1,2,,2,,,,,
708,Marina MS,6,CN,CN: Cantonese Immersion (Cantonese Speakers),15,16,10,8,4,6,2,1,1,2
708,Marina MS,6,GE,GE: General Education,164,135,116,79,69,20,22,12,12,7
708,Marina MS,6,MM,MM: SDC - Mild to Moderate,1,2,3,3,1,,,,,
708,Marina MS,7,CN,CN: Cantonese Immersion (Cantonese Speakers),,,,,1,,,,,
708,Marina MS,7,GE,GE: General Education,1,3,3,4,4,2,2,1,,
708,Marina MS,7,MM,MM: SDC - Mild to Moderate,,,,,,1,,,,
708,Marina MS,8,GE,GE: General Education,1,,2,,4,,,,,
853,Marshall (Thurgood) HS,9,ED,ED: SDC - Emotionally Disturbed,,,,,1,,,,,
853,Marshall (Thurgood) HS,9,GE,GE: General Education,43,40,43,65,52,45,6,2,2,27
853,Marshall (Thurgood) HS,9,MM,MM: SDC - Mild to Moderate,,,2,2,1,,,,,
853,Marshall (Thurgood) HS,9,NX,NX: Newcomer Program,7,1,2,1,1,,,,,
853,Marshall (Thurgood) HS,10,GE,GE: General Education,2,1,2,,,,,,,
853,Marshall (Thurgood) HS,10,NX,NX: Newcomer Program,,3,1,,,,,,,
853,Marshall (Thurgood) HS,11,GE,GE: General Education,1,3,,,2,1,,,,
853,Marshall (Thurgood) HS,12,GE,GE: General Education,1,1,1,,2,1,,,,
853,Marshall (Thurgood) HS,12,NX,NX: Newcomer Program,,1,,,,,,,,
853,Marshall (Thurgood) HS,13,CA,CA: SDC - Transition Program (CAT),,,,1,1,,,,,1
714,Marshall ES,K,SE,SE: Spanish Immersion (Non-Native),22,11,9,7,14,6,4,4,1,32
714,Marshall ES,K,SN,SN: Spanish Immersion (Spanish Speakers),21,9,9,11,7,5,1,1,,8
714,Marshall ES,1,SE,SE: Spanish Immersion (Non-Native),,1,,1,1,1,1,,,
714,Marshall ES,1,SN,SN: Spanish Immersion (Spanish Speakers),,,,1,1,,,,,
714,Marshall ES,2,SN,SN: Spanish Immersion (Spanish Speakers),,,,1,,,,,,
714,Marshall ES,4,SN,SN: Spanish Immersion (Spanish Speakers),,1,2,1,,,,,,
714,Marshall ES,5,SN,SN: Spanish Immersion (Spanish Speakers),,2,,1,1,,,,,
549,McCoppin (Frank) ES,TK,GE,GE: General Education,,7,3,3,5,5,1,,,
549,McCoppin (Frank) ES,K,GE,GE: General Education,33,17,26,42,41,45,29,23,19,130
549,McCoppin (Frank) ES,1,GE,GE: General Education,,1,,4,4,,1,2,,8
549,McCoppin (Frank) ES,2,GE,GE: General Education,,1,,,3,2,,1,,
549,McCoppin (Frank) ES,3,GE,GE: General Education,,1,,,1,,,,1,
549,McCoppin (Frank) ES,4,GE,GE: General Education,1,,,1,1,,1,,,2
549,McCoppin (Frank) ES,5,GE,GE: General Education,,,,1,2,,,,,1
718,McKinley ES,K,GE,GE: General Education,47,46,51,47,46,41,23,22,18,126
718,McKinley ES,1,GE,GE: General Education,2,1,4,2,1,2,1,,,5
718,McKinley ES,2,GE,GE: General Education,2,3,2,2,1,,,,,
718,McKinley ES,3,GE,GE: General Education,1,1,,2,,,,,1,2
718,McKinley ES,4,GE,GE: General Education,,,3,1,,,,1,,1
718,McKinley ES,5,GE,GE: General Education,1,,2,,1,,,,,
950,McLaren (John) EES,TK,GE,GE: General Education,17,10,9,8,13,3,,2,2,7
950,McLaren (John) EES,TK,MM,MM: SDC - Mild to Moderate,3,4,,,,,,,,
505,Milk (Harvey) Civil Right ES,K,GE,GE: General Education,16,15,29,18,24,13,19,13,7,92
505,Milk (Harvey) Civil Right ES,1,GE,GE: General Education,,1,1,,1,,,,,3
505,Milk (Harvey) Civil Right ES,2,GE,GE: General Education,,1,,,,,1,,,
505,Milk (Harvey) Civil Right ES,3,GE,GE: General Education,2,1,,,1,,,,,
505,Milk (Harvey) Civil Right ES,4,GE,GE: General Education,,,,,,,,,1,1
505,Milk (Harvey) Civil Right ES,5,GE,GE: General Education,,,,,,1,,,,
722,Miraloma ES,K,AF,AF: SDC - Mild/Mod Autism Focus,4,5,,1,2,,,,,
722,Miraloma ES,K,GE,GE: General Education,72,53,68,55,60,43,29,22,20,154
722,Miraloma ES,1,AF,AF: SDC - Mild/Mod Autism Focus,,1,,,,,,,,
722,Miraloma ES,1,GE,GE: General Education,3,4,1,4,4,2,,2,1,4
722,Miraloma ES,2,GE,GE: General Education,2,3,4,3,2,1,1,,,1
722,Miraloma ES,3,GE,GE: General Education,2,5,1,2,,,1,,,
722,Miraloma ES,4,GE,GE: General Education,1,1,4,1,2,,,1,,1
722,Miraloma ES,5,GE,GE: General Education,,,,,,1,,,,
724,Mission Education Center ES,TK,DS,,9,7,5,6,6,,1,2,,6
724,Mission Education Center ES,K,NS,NS: Spanish Newcomer,2,,3,1,,,,,,
724,Mission Education Center ES,1,NS,NS: Spanish Newcomer,,,,,,2,,,,
724,Mission Education Center ES,2,NS,NS: Spanish Newcomer,,,1,1,,3,,,,
724,Mission Education Center ES,3,NS,NS: Spanish Newcomer,,,,,,1,,,,
724,Mission Education Center ES,4,NS,NS: Spanish Newcomer,,,,,,1,,,,
724,Mission Education Center ES,5,NS,NS: Spanish Newcomer,,,,,1,5,,,,
725,Mission HS,9,ED,ED: SDC - Emotionally Disturbed,2,,,1,,,,,,
725,Mission HS,9,GE,GE: General Education,111,139,140,184,165,61,36,15,10,10
725,Mission HS,9,MM,MM: SDC - Mild to Moderate,4,5,5,1,,,1,,,
725,Mission HS,9,MS,MS: SDC - Moderate to Severe,3,1,2,2,,,,,,
725,Mission HS,9,NX,NX: Newcomer Program,8,13,10,2,1,1,1,,,
725,Mission HS,9,SA,SA: SDC - Mod/Severe Autism Focus,,2,,,,,,,,
725,Mission HS,10,GE,GE: General Education,4,4,2,4,2,2,,,,
725,Mission HS,10,NX,NX: Newcomer Program,6,,,,,,,,,
725,Mission HS,11,ED,ED: SDC - Emotionally Disturbed,1,,,,,,,,,
725,Mission HS,11,GE,GE: General Education,3,3,4,2,2,1,1,,,
725,Mission HS,11,NX,NX: Newcomer Program,1,,1,,,,,,,
725,Mission HS,11,SA,SA: SDC - Mod/Severe Autism Focus,,,1,,,,,,,
725,Mission HS,12,GE,GE: General Education,1,4,1,,3,,,,,
725,Mission HS,13,CA,CA: SDC - Transition Program (CAT),4,3,9,4,,,,,,
729,Monroe ES,K,CB,CB: Cantonese Biliteracy,17,9,9,10,2,6,2,3,4,7
729,Monroe ES,K,GE,GE: General Education,26,41,21,19,15,6,12,8,12,51
729,Monroe ES,K,SE,SE: Spanish Immersion (Non-Native),25,21,12,7,15,7,3,4,3,24
729,Monroe ES,K,SN,SN: Spanish Immersion (Spanish Speakers),16,15,11,5,9,1,2,2,,7
729,Monroe ES,1,CB,CB: Cantonese Biliteracy,,2,1,,,1,,,,
729,Monroe ES,1,GE,GE: General Education,1,,,,1,,,,,1
729,Monroe ES,1,SE,SE: Spanish Immersion (Non-Native),,,1,,,,,,,
729,Monroe ES,1,SN,SN: Spanish Immersion (Spanish Speakers),2,,2,1,,,,,,
729,Monroe ES,2,CB,CB: Cantonese Biliteracy,,1,1,,1,,,,,
729,Monroe ES,2,GE,GE: General Education,1,1,,1,,1,,,,
729,Monroe ES,2,SN,SN: Spanish Immersion (Spanish Speakers),1,,,,,,,,,
729,Monroe ES,3,CB,CB: Cantonese Biliteracy,,,1,,,1,,,,
729,Monroe ES,3,GE,GE: General Education,1,1,,,1,,2,,,
729,Monroe ES,3,SN,SN: Spanish Immersion (Spanish Speakers),,,1,,,,,,,
729,Monroe ES,4,CB,CB: Cantonese Biliteracy,1,,2,,,,,,,
729,Monroe ES,4,GE,GE: General Education,2,4,,,,,,,1,1
729,Monroe ES,4,SN,SN: Spanish Immersion (Spanish Speakers),,,1,,,,,,,
729,Monroe ES,5,CB,CB: Cantonese Biliteracy,1,,,,,1,,,,
729,Monroe ES,5,GE,GE: General Education,2,,1,,1,,,,,
729,Monroe ES,5,SN,SN: Spanish Immersion (Spanish Speakers),1,,1,,,,,,,
723,Moscone (George R) ES,K,CB,CB: Cantonese Biliteracy,6,,4,1,3,1,2,1,2,7
723,Moscone (George R) ES,K,GE,GE: General Education,10,20,13,12,17,3,8,2,8,38
723,Moscone (George R) ES,K,SB,SB: Spanish Biliteracy,26,17,18,7,13,2,,1,,
723,Moscone (George R) ES,1,CB,CB: Cantonese Biliteracy,,,,1,,,,,,
723,Moscone (George R) ES,1,GE,GE: General Education,1,2,,2,,,,,,1
723,Moscone (George R) ES,1,SB,SB: Spanish Biliteracy,1,1,,1,,,,,,
723,Moscone (George R) ES,2,CB,CB: Cantonese Biliteracy,,,1,,2,,,,,
723,Moscone (George R) ES,2,GE,GE: General Education,,,,,,1,,,,
723,Moscone (George R) ES,3,CB,CB: Cantonese Biliteracy,,,,1,,,,,1,
723,Moscone (George R) ES,3,GE,GE: General Education,,,,,,,,1,,1
723,Moscone (George R) ES,4,CB,CB: Cantonese Biliteracy,1,,,,,,,,,
723,Moscone (George R) ES,4,GE,GE: General Education,,,1,,,,,,,1
723,Moscone (George R) ES,4,SB,SB: Spanish Biliteracy,,,,1,,,,,,
723,Moscone (George R) ES,5,GE,GE: General Education,,,,1,,,,,,
723,Moscone (George R) ES,5,SB,SB: Spanish Biliteracy,,,1,,,,,,,
650,Muir (John) ES,K,GE,GE: General Education,12,19,12,12,19,11,8,4,6,63
650,Muir (John) ES,K,SB,SB: Spanish Biliteracy,11,2,1,3,1,1,,,,
650,Muir (John) ES,1,GE,GE: General Education,,,1,1,2,,1,,,
650,Muir (John) ES,2,GE,GE: General Education,,,2,,,,1,,,
650,Muir (John) ES,3,SB,SB: Spanish Biliteracy,,,,,,1,,,,
650,Muir (John) ES,4,GE,GE: General Education,1,,,,1,,,,,1
650,Muir (John) ES,4,SB,SB: Spanish Biliteracy,1,,,,,,,,,
650,Muir (John) ES,5,GE,GE: General Education,1,,,,,,,,,
650,Muir (John) ES,5,SB,SB: Spanish Biliteracy,,1,,,,,,,,
735,New Traditions ES,K,GE,GE: General Education,50,44,40,48,48,38,23,18,28,133
735,New Traditions ES,1,GE,GE: General Education,2,5,3,3,5,1,,3,1,4
735,New Traditions ES,2,GE,GE: General Education,2,2,1,1,2,1,,1,,
735,New Traditions ES,3,GE,GE: General Education,,2,1,,1,,,,,
735,New Traditions ES,4,GE,GE: General Education,3,,,2,2,1,2,1,,1
735,New Traditions ES,5,GE,GE: General Education,2,4,,2,2,1,1,,,1
928,Noriega EES,TK,GE,GE: General Education,95,59,42,31,9,6,3,2,1,2
651,O'Connell (John) HS,9,GE,GE: General Education,92,107,99,92,78,43,9,7,9,26
651,O'Connell (John) HS,9,MM,MM: SDC - Mild to Moderate,4,1,2,1,1,,,,,
651,O'Connell (John) HS,10,GE,GE: General Education,1,2,1,,,2,,,,
651,O'Connell (John) HS,11,GE,GE: General Education,,2,1,1,,,1,2,,
651,O'Connell (John) HS,12,GE,GE: General Education,1,,3,,,,,,,1
651,O'Connell (John) HS,13,CA,CA: SDC - Transition Program (CAT),,2,2,1,3,,,1,,
746,Ortega (Jose) ES,K,GE,GE: General Education,14,24,24,19,22,10,15,8,6,72
746,Ortega (Jose) ES,K,ME,ME: Mandarin Immersion (Non-Native),35,17,12,28,11,8,7,7,5,45
746,Ortega (Jose) ES,K,MN,MN: Mandarin Immersion (Mandarin Speakers),50,30,5,6,5,4,3,4,2,11
746,Ortega (Jose) ES,1,GE,GE: General Education,1,1,,,,1,,,,1
746,Ortega (Jose) ES,1,ME,ME: Mandarin Immersion (Non-Native),4,,,1,1,,,2,,
746,Ortega (Jose) ES,1,MN,MN: Mandarin Immersion (Mandarin Speakers),2,1,,,,1,,,,
746,Ortega (Jose) ES,2,GE,GE: General Education,2,1,,1,,,,,,
746,Ortega (Jose) ES,2,MN,MN: Mandarin Immersion (Mandarin Speakers),2,1,1,1,,,,,,
746,Ortega (Jose) ES,3,GE,GE: General Education,,1,3,1,,,,1,,
746,Ortega (Jose) ES,3,MN,MN: Mandarin Immersion (Mandarin Speakers),2,,,,,,,,,
746,Ortega (Jose) ES,4,GE,GE: General Education,,1,,2,,3,,,,1
746,Ortega (Jose) ES,4,MN,MN: Mandarin Immersion (Mandarin Speakers),1,,,,1,,,,,
746,Ortega (Jose) ES,5,GE,GE: General Education,,,,1,1,,,,,
638,Parker (Jean) ES,K,CB,CB: Cantonese Biliteracy,8,13,20,7,9,2,4,,1,2
638,Parker (Jean) ES,K,GE,GE: General Education,7,14,11,13,16,19,4,5,2,26
638,Parker (Jean) ES,1,CB,CB: Cantonese Biliteracy,2,1,2,,,,,,,
638,Parker (Jean) ES,1,GE,GE: General Education,,1,1,1,,,,,,
638,Parker (Jean) ES,2,GE,GE: General Education,,,2,,,,,,,
638,Parker (Jean) ES,3,CB,CB: Cantonese Biliteracy,2,1,1,1,,,,,,
638,Parker (Jean) ES,3,GE,GE: General Education,,1,,1,2,,,,,
638,Parker (Jean) ES,4,CB,CB: Cantonese Biliteracy,,1,1,,,,,,,
638,Parker (Jean) ES,4,GE,GE: General Education,,3,1,,1,,,,,1
638,Parker (Jean) ES,5,CB,CB: Cantonese Biliteracy,1,,,,,,,,,
638,Parker (Jean) ES,5,GE,GE: General Education,,1,,,,,,,,
786,Parks (Rosa) ES,TK,GE,GE: General Education,13,9,11,11,13,5,7,2,1,3
786,Parks (Rosa) ES,K,AF,AF: SDC - Mild/Mod Autism Focus,2,,4,1,1,1,,,,
786,Parks (Rosa) ES,K,GE,GE: General Education,18,12,12,7,15,4,5,3,1,51
786,Parks (Rosa) ES,K,JE,JE: Japanese Bilingual Bicultural Program - English Cohort,15,9,7,10,6,5,7,7,6,40
786,Parks (Rosa) ES,K,JN,JN: Japanese Bilingual Bicultural Program - Japanese Cohort,3,4,,1,1,1,,,,1
786,Parks (Rosa) ES,1,AF,AF: SDC - Mild/Mod Autism Focus,,,,1,,,,,,
786,Parks (Rosa) ES,1,GE,GE: General Education,,4,,,,,,,,
786,Parks (Rosa) ES,1,JB,JB: Japanese Bilingual Bicultural Prgram,3,1,1,,,1,,,,1
786,Parks (Rosa) ES,2,GE,GE: General Education,,,,1,2,,,,,
786,Parks (Rosa) ES,2,JB,JB: Japanese Bilingual Bicultural Prgram,,,1,,,,,,,
786,Parks (Rosa) ES,3,GE,GE: General Education,,,,,1,,,,,
786,Parks (Rosa) ES,3,JB,JB: Japanese Bilingual Bicultural Prgram,,1,,,,,,,,
786,Parks (Rosa) ES,4,GE,GE: General Education,,1,,,,,,,,1
786,Parks (Rosa) ES,4,JB,JB: Japanese Bilingual Bicultural Prgram,1,,1,,,,,,,
786,Parks (Rosa) ES,5,GE,GE: General Education,,1,,,,1,1,,,
569,Peabody (George) ES,K,GE,GE: General Education,107,104,85,88,76,45,36,28,15,114
569,Peabody (George) ES,K,MM,MM: SDC - Mild to Moderate,,4,1,,,,,,,
569,Peabody (George) ES,1,GE,GE: General Education,3,7,3,5,1,3,,3,1,2
569,Peabody (George) ES,1,MM,MM: SDC - Mild to Moderate,,,1,,,,,,,
569,Peabody (George) ES,2,GE,GE: General Education,1,4,5,2,1,1,,,,
569,Peabody (George) ES,3,GE,GE: General Education,4,2,2,4,2,,,,,
569,Peabody (George) ES,4,GE,GE: General Education,3,4,2,2,1,,,,,3
569,Peabody (George) ES,5,GE,GE: General Education,2,4,1,3,2,2,,,1,
778,Presidio MS,6,AF,AF: SDC - Mild/Mod Autism Focus,1,,,1,,,,,,
778,Presidio MS,6,AO,AO: SDC - Auditory/Oral,2,,,,,,,,,
778,Presidio MS,6,GE,GE: General Education,329,263,235,187,121,34,13,3,3,4
778,Presidio MS,6,JB,JB: Japanese Bilingual Bicultural Prgram,39,21,4,,1,1,1,,,
778,Presidio MS,6,MM,MM: SDC - Mild to Moderate,2,2,2,2,1,1,,,1,
778,Presidio MS,6,MS,MS: SDC - Moderate to Severe,1,,4,2,,,,,,
778,Presidio MS,6,TC,TC: SDC - Total Communication,3,,,,,,,,,
778,Presidio MS,7,GE,GE: General Education,8,5,8,12,2,,,,1,
778,Presidio MS,7,JB,JB: Japanese Bilingual Bicultural Prgram,,1,,,,,,,,
778,Presidio MS,7,MM,MM: SDC - Mild to Moderate,,,1,,,,,,,
778,Presidio MS,8,GE,GE: General Education,2,5,4,2,1,,,,,
790,Redding ES,TK,GE,GE: General Education,10,11,12,23,8,6,5,4,1,3
790,Redding ES,K,GE,GE: General Education,26,21,11,7,9,9,4,6,1,40
790,Redding ES,1,GE,GE: General Education,2,,1,,,,,,,
790,Redding ES,2,GE,GE: General Education,,3,,1,,1,,,,1
790,Redding ES,3,GE,GE: General Education,,1,,,,1,,,,
790,Redding ES,4,GE,GE: General Education,,1,,,,,,,,1
790,Redding ES,5,GE,GE: General Education,1,1,1,,,,,,,
760,Revere (Paul) K-8,K,GE,GE: General Education,8,15,6,4,5,4,4,3,1,25
760,Revere (Paul) K-8,K,MM,MM: SDC - Mild to Moderate,3,1,2,,1,,,,,
760,Revere (Paul) K-8,K,SE,SE: Spanish Immersion (Non-Native),6,3,6,6,7,6,3,2,2,25
760,Revere (Paul) K-8,K,SN,SN: Spanish Immersion (Spanish Speakers),13,5,,3,4,,,,1,3
760,Revere (Paul) K-8,1,GE,GE: General Education,1,,1,,1,,1,,,1
760,Revere (Paul) K-8,1,MM,MM: SDC - Mild to Moderate,,1,,,,,,,,
760,Revere (Paul) K-8,1,SE,SE: Spanish Immersion (Non-Native),,,1,,1,,,,,1
760,Revere (Paul) K-8,1,SN,SN: Spanish Immersion (Spanish Speakers),,,,,,1,,,,
760,Revere (Paul) K-8,2,GE,GE: General Education,,,,,,,,1,,
760,Revere (Paul) K-8,2,SN,SN: Spanish Immersion (Spanish Speakers),,2,,,,,,,,
760,Revere (Paul) K-8,3,GE,GE: General Education,1,,,,1,,,,,
760,Revere (Paul) K-8,3,SN,SN: Spanish Immersion (Spanish Speakers),,2,,1,,,,,,
760,Revere (Paul) K-8,4,GE,GE: General Education,1,1,2,,,,,,,1
760,Revere (Paul) K-8,4,SN,SN: Spanish Immersion (Spanish Speakers),,1,,,1,,,,,
760,Revere (Paul) K-8,5,GE,GE: General Education,,,1,,1,,,,,
760,Revere (Paul) K-8,5,SN,SN: Spanish Immersion (Spanish Speakers),1,2,,,,,,,,
760,Revere (Paul) K-8,6,GE,GE: General Education,16,18,19,13,20,2,1,2,,6
760,Revere (Paul) K-8,7,GE,GE: General Education,,,,1,1,,,,,1
760,Revere (Paul) K-8,8,GE,GE: General Education,,,,,1,,,,,
965,Rodriguez (Zaida T) EES,TK,GE,GE: General Education,12,12,19,20,16,5,3,2,1,5
796,Rooftop K-8,K,GE,GE: General Education,65,53,69,75,67,54,53,31,20,143
796,Rooftop K-8,1,GE,GE: General Education,5,3,4,4,5,5,2,2,1,5
796,Rooftop K-8,2,GE,GE: General Education,5,2,3,2,3,1,,,,
796,Rooftop K-8,3,GE,GE: General Education,,1,7,1,2,,1,,,1
796,Rooftop K-8,4,GE,GE: General Education,2,5,2,1,1,2,,,,1
796,Rooftop K-8,5,GE,GE: General Education,5,3,5,1,,2,,,,
796,Rooftop K-8,6,GE,GE: General Education,40,66,88,65,101,42,16,11,3,4
796,Rooftop K-8,7,GE,GE: General Education,9,5,2,6,2,1,1,,,
796,Rooftop K-8,8,GE,GE: General Education,3,,,3,,1,,,,
797,Roosevelt MS,6,AF,AF: SDC - Mild/Mod Autism Focus,1,5,2,1,,,,,,
797,Roosevelt MS,6,CN,CN: Cantonese Immersion (Cantonese Speakers),68,20,13,14,8,,2,1,,
797,Roosevelt MS,6,GE,GE: General Education,290,343,209,164,118,22,6,4,1,2
797,Roosevelt MS,6,MM,MM: SDC - Mild to Moderate,3,1,7,2,1,,1,,,
797,Roosevelt MS,6,SA,SA: SDC - Mod/Severe Autism Focus,3,1,,1,,,,,,
797,Roosevelt MS,7,CN,CN: Cantonese Immersion (Cantonese Speakers),,1,,,,,,,,
797,Roosevelt MS,7,GE,GE: General Education,11,14,2,3,2,1,1,,,
797,Roosevelt MS,7,MM,MM: SDC - Mild to Moderate,1,,,,,,,,,
797,Roosevelt MS,8,GE,GE: General Education,4,4,2,,1,,,,,
816,Sanchez ES,K,GE,GE: General Education,7,12,11,12,15,5,2,1,3,47
816,Sanchez ES,K,MM,MM: SDC - Mild to Moderate,1,,2,,,,,,,
816,Sanchez ES,K,SB,SB: Spanish Biliteracy,12,12,8,2,7,3,1,1,,3
816,Sanchez ES,1,GE,GE: General Education,,1,1,,,1,1,,,1
816,Sanchez ES,1,MM,MM: SDC - Mild to Moderate,2,,,,,,,,,
816,Sanchez ES,2,SB,SB: Spanish Biliteracy,,,1,,,,,,,
816,Sanchez ES,3,GE,GE: General Education,,,,,1,,,,,
816,Sanchez ES,4,GE,GE: General Education,,,,1,,,,,,
816,Sanchez ES,4,SB,SB: Spanish Biliteracy,3,2,1,,,,,,,
816,Sanchez ES,5,GE,GE: General Education,,,,,1,,,,,
955,Serra (Junipero) Annex EES,TK,GE,GE: General Education,28,25,24,30,12,7,5,4,3,3
656,Serra (Junipero) ES,K,GE,GE: General Education,17,18,15,15,11,7,6,7,10,56
656,Serra (Junipero) ES,K,SB,SB: Spanish Biliteracy,14,5,5,2,4,2,,,,
656,Serra (Junipero) ES,1,GE,GE: General Education,,1,,,,,,,,1
656,Serra (Junipero) ES,1,SB,SB: Spanish Biliteracy,,,1,,1,1,,,,
656,Serra (Junipero) ES,2,GE,GE: General Education,,,,,,1,,,,
656,Serra (Junipero) ES,2,SB,SB: Spanish Biliteracy,,1,,1,,,,,,
656,Serra (Junipero) ES,3,GE,GE: General Education,,,,,,1,,,,
656,Serra (Junipero) ES,3,SB,SB: Spanish Biliteracy,,,,,1,,,,,
656,Serra (Junipero) ES,4,GE,GE: General Education,,1,,,,,,,,1
493,SF Community K-8,K,GE,GE: General Education,16,20,17,19,23,10,10,9,4,59
493,SF Community K-8,1,GE,GE: General Education,,2,,,,,1,,,1
493,SF Community K-8,2,GE,GE: General Education,2,,,1,1,,1,,,
493,SF Community K-8,3,GE,GE: General Education,1,,,1,,,,,,
493,SF Community K-8,4,GE,GE: General Education,3,,2,,,,1,,,1
493,SF Community K-8,5,GE,GE: General Education,,1,,,,,,,,
493,SF Community K-8,6,GE,GE: General Education,29,36,30,31,18,11,6,4,3,9
493,SF Community K-8,7,GE,GE: General Education,3,2,1,,,1,,,,
493,SF Community K-8,8,GE,GE: General Education,,2,1,2,,,,,,
621,SF International HS,9,GX,GX: General Education Newcomer,8,8,7,7,3,,1,1,,2
621,SF International HS,9,NC,NC: Chinese Newcomer,,,,,1,,,,,
621,SF International HS,9,NS,NS: Spanish Newcomer,10,2,1,,,,,,,
621,SF International HS,9,NX,NX: Newcomer Program,2,11,6,1,,,,,1,1
621,SF International HS,10,GX,GX: General Education Newcomer,,,1,,,,,,,
621,SF International HS,10,NX,NX: Newcomer Program,,4,1,1,1,,,,,
621,SF International HS,11,GX,GX: General Education Newcomer,,1,,,,,,,,
621,SF International HS,11,NS,NS: Spanish Newcomer,,1,,,,,,,,
621,SF International HS,11,NX,NX: Newcomer Program,,,3,,1,,,,,1
621,SF International HS,12,GX,GX: General Education Newcomer,,,,1,,,,,,
621,SF International HS,13,CA,CA: SDC - Transition Program (CAT),,1,,,1,1,1,,,
814,SF Public Montessori ES,K,GE,GE: General Education,41,37,34,43,37,16,13,15,12,100
814,SF Public Montessori ES,1,GE,GE: General Education,4,,1,,2,2,1,1,,3
814,SF Public Montessori ES,2,GE,GE: General Education,2,2,,,4,,,1,,
814,SF Public Montessori ES,3,GE,GE: General Education,1,2,1,,,1,1,,,
814,SF Public Montessori ES,4,GE,GE: General Education,,1,,,,1,,1,,1
814,SF Public Montessori ES,5,GE,GE: General Education,1,1,,,,,1,,,
820,Sheridan ES,TK,GE,GE: General Education,22,11,8,20,20,3,3,1,5,5
820,Sheridan ES,K,GE,GE: General Education,23,9,14,9,13,8,1,4,1,22
820,Sheridan ES,1,GE,GE: General Education,1,,1,,,,,,,1
820,Sheridan ES,2,GE,GE: General Education,1,2,1,1,,,,,,
820,Sheridan ES,3,GE,GE: General Education,,1,,,,,,,,
820,Sheridan ES,4,GE,GE: General Education,,,,,1,,,,,1
823,Sherman ES,K,AF,AF: SDC - Mild/Mod Autism Focus,2,8,1,1,,1,1,,,
823,Sherman ES,K,GE,GE: General Education,55,40,48,32,22,18,10,13,5,76
823,Sherman ES,1,GE,GE: General Education,1,,,2,1,2,,,,4
823,Sherman ES,2,GE,GE: General Education,,1,4,1,1,,,,1,
823,Sherman ES,3,GE,GE: General Education,1,1,,1,1,,,,,
823,Sherman ES,4,GE,GE: General Education,1,,,2,,1,,1,,
823,Sherman ES,5,GE,GE: General Education,,1,2,2,,2,,,,
488,Sloat (Commodore) ES,K,GE,GE: General Education,51,40,64,53,55,44,23,33,21,156
488,Sloat (Commodore) ES,1,GE,GE: General Education,5,2,3,3,4,2,2,,2,2
488,Sloat (Commodore) ES,2,GE,GE: General Education,3,2,4,1,2,1,,1,1,
488,Sloat (Commodore) ES,3,GE,GE: General Education,2,2,2,1,1,1,1,1,,1
488,Sloat (Commodore) ES,4,GE,GE: General Education,1,2,2,2,,,,1,,1
488,Sloat (Commodore) ES,5,GE,GE: General Education,1,1,,2,,,,,,1
834,Spring Valley Science ES,K,CB,CB: Cantonese Biliteracy,3,2,4,4,2,1,,2,1,3
834,Spring Valley Science ES,K,GE,GE: General Education,10,12,9,12,13,7,7,8,3,43
834,Spring Valley Science ES,K,SB,SB: Spanish Biliteracy,14,4,1,1,,1,,,,1
834,Spring Valley Science ES,1,GE,GE: General Education,1,,,2,,,,,,1
834,Spring Valley Science ES,1,SB,SB: Spanish Biliteracy,,,1,,,,,,,
834,Spring Valley Science ES,2,GE,GE: General Education,,,,,2,,2,,,1
834,Spring Valley Science ES,3,GE,GE: General Education,,,,,,,1,,,
834,Spring Valley Science ES,4,CB,CB: Cantonese Biliteracy,,,,1,,,,,,
834,Spring Valley Science ES,4,GE,GE: General Education,,,,,1,1,,,,1
834,Spring Valley Science ES,4,SB,SB: Spanish Biliteracy,,1,,,,,,,,
834,Spring Valley Science ES,5,SB,SB: Spanish Biliteracy,1,,,,,,,,,
782,Stevenson (Robert Louis) ES,TK,GE,GE: General Education,50,79,50,21,12,3,1,3,1,5
782,Stevenson (Robert Louis) ES,TK,MM,MM: SDC - Mild to Moderate,13,3,,,,,,,,
782,Stevenson (Robert Louis) ES,K,GE,GE: General Education,47,38,61,76,65,48,33,30,16,135
782,Stevenson (Robert Louis) ES,K,MM,MM: SDC - Mild to Moderate,6,2,2,,,,,,,
782,Stevenson (Robert Louis) ES,1,GE,GE: General Education,1,1,6,2,1,5,,1,,5
782,Stevenson (Robert Louis) ES,1,MM,MM: SDC - Mild to Moderate,1,,,,,,,,,
782,Stevenson (Robert Louis) ES,2,GE,GE: General Education,2,2,2,,2,1,,1,1,
782,Stevenson (Robert Louis) ES,3,GE,GE: General Education,,1,2,1,2,,1,,,2
782,Stevenson (Robert Louis) ES,4,GE,GE: General Education,2,1,2,1,5,1,1,1,1,1
782,Stevenson (Robert Louis) ES,5,GE,GE: General Education,,2,1,2,,,,,,2
915,Stockton (Commodore) EES,TK,GE,GE: General Education,37,10,11,13,5,4,6,1,,3
842,Sunnyside ES,K,GE,GE: General Education,57,66,56,51,42,36,25,17,14,105
842,Sunnyside ES,K,MS,MS: SDC - Moderate to Severe,3,,,1,1,,,,,
842,Sunnyside ES,1,GE,GE: General Education,3,2,1,3,2,2,1,,1,4
842,Sunnyside ES,2,GE,GE: General Education,4,5,3,3,1,,,1,,
842,Sunnyside ES,2,MS,MS: SDC - Moderate to Severe,1,,,,,,,,,
842,Sunnyside ES,3,GE,GE: General Education,3,2,,2,,,,,,
842,Sunnyside ES,4,GE,GE: General Education,3,2,,2,2,,,,,1
842,Sunnyside ES,5,GE,GE: General Education,,1,1,,,,,,,
750,Sunset ES,K,GE,GE: General Education,139,173,118,91,78,61,30,23,30,122
750,Sunset ES,K,SA,SA: SDC - Mod/Severe Autism Focus,3,1,5,1,2,1,,,,
750,Sunset ES,1,GE,GE: General Education,12,6,5,5,5,3,5,,2,3
750,Sunset ES,2,GE,GE: General Education,9,4,,6,3,,,1,,
750,Sunset ES,3,GE,GE: General Education,5,4,4,1,1,,1,,,1
750,Sunset ES,4,GE,GE: General Education,6,4,5,3,,,2,,1,1
750,Sunset ES,5,GE,GE: General Education,5,5,3,1,1,,1,1,1,
848,Sutro ES,K,CB,CB: Cantonese Biliteracy,11,4,7,9,2,1,3,2,3,8
848,Sutro ES,K,GE,GE: General Education,11,17,33,33,30,30,24,10,13,148
848,Sutro ES,1,CB,CB: Cantonese Biliteracy,,,1,1,1,,,,1,
848,Sutro ES,1,GE,GE: General Education,,2,3,3,1,2,,1,,3
848,Sutro ES,2,CB,CB: Cantonese Biliteracy,,2,,,,,,,,
848,Sutro ES,2,GE,GE: General Education,1,1,1,1,1,1,1,,,1
848,Sutro ES,3,GE,GE: General Education,,,2,,1,,,,,1
848,Sutro ES,4,GE,GE: General Education,,1,,,2,1,1,,,1
848,Sutro ES,5,GE,GE: General Education,,,1,,1,,2,,1,
513,Taylor (Edward R) ES,K,AF,AF: SDC - Mild/Mod Autism Focus,5,,2,,,1,,,,
513,Taylor (Edward R) ES,K,CB,CB: Cantonese Biliteracy,23,8,5,3,5,4,1,4,2,10
513,Taylor (Edward R) ES,K,GE,GE: General Education,51,35,12,9,11,5,5,6,5,39
513,Taylor (Edward R) ES,K,SB,SB: Spanish Biliteracy,18,4,2,2,2,,1,1,,1
513,Taylor (Edward R) ES,1,AF,AF: SDC - Mild/Mod Autism Focus,,,1,,,,,,,
513,Taylor (Edward R) ES,1,CB,CB: Cantonese Biliteracy,,,1,1,,,,,,1
513,Taylor (Edward R) ES,1,GE,GE: General Education,4,,,,,,,,,
513,Taylor (Edward R) ES,1,SB,SB: Spanish Biliteracy,,1,1,,,,,,,
513,Taylor (Edward R) ES,2,CB,CB: Cantonese Biliteracy,3,,,,,,,,,
513,Taylor (Edward R) ES,2,GE,GE: General Education,,1,,,,,,,,
513,Taylor (Edward R) ES,3,CB,CB: Cantonese Biliteracy,1,1,,,,,,,,
513,Taylor (Edward R) ES,3,GE,GE: General Education,3,,,,1,,,,,
513,Taylor (Edward R) ES,3,SB,SB: Spanish Biliteracy,1,,1,,,,,,,
513,Taylor (Edward R) ES,4,CB,CB: Cantonese Biliteracy,1,1,,,,,,,,
513,Taylor (Edward R) ES,4,GE,GE: General Education,2,2,,,,,,,,1
513,Taylor (Edward R) ES,5,CB,CB: Cantonese Biliteracy,1,,,,,,1,,1,
513,Taylor (Edward R) ES,5,GE,GE: General Education,,,1,,1,,,,,
513,Taylor (Edward R) ES,5,SB,SB: Spanish Biliteracy,,,,1,2,,,,,
859,Tenderloin Community ES,K,GE,GE: General Education,26,12,10,7,2,6,6,3,,13
859,Tenderloin Community ES,1,GE,GE: General Education,1,,1,,,1,,,,
859,Tenderloin Community ES,4,GE,GE: General Education,,,,,,,,,,1
859,Tenderloin Community ES,5,GE,GE: General Education,1,,,,,,,,,
832,The Academy - SF @ McAteer HS,9,AO,AO: SDC - Auditory/Oral,1,,,,,,,,,
832,The Academy - SF @ McAteer HS,9,GE,GE: General Education,34,49,89,103,114,36,21,19,15,5
832,The Academy - SF @ McAteer HS,9,MM,MM: SDC - Mild to Moderate,,1,1,1,1,1,,,,
832,The Academy - SF @ McAteer HS,10,GE,GE: General Education,2,6,8,5,5,,,,,
832,The Academy - SF @ McAteer HS,11,GE,GE: General Education,2,2,,5,4,2,1,,,
832,The Academy - SF @ McAteer HS,12,GE,GE: General Education,1,1,2,,,,,,,1
997,Tule Elk Park EES,TK,GE,GE: General Education,47,25,16,19,20,2,5,3,,8
997,Tule Elk Park EES,TK,MS,MS: SDC - Moderate to Severe,4,,,,,,,,,
862,Ulloa ES,K,CB,CB: Cantonese Biliteracy,53,41,28,23,11,15,6,4,2,9
862,Ulloa ES,K,GE,GE: General Education,41,92,82,69,86,42,48,28,24,129
862,Ulloa ES,1,CB,CB: Cantonese Biliteracy,2,2,1,3,,1,,,,
862,Ulloa ES,1,GE,GE: General Education,2,4,2,2,7,2,,,,5
862,Ulloa ES,2,CB,CB: Cantonese Biliteracy,1,,,1,,,,,,
862,Ulloa ES,2,GE,GE: General Education,2,4,1,2,4,3,1,,1,1
862,Ulloa ES,3,CB,CB: Cantonese Biliteracy,,,,1,,,,,,
862,Ulloa ES,3,GE,GE: General Education,1,1,,2,4,1,1,,1,1
862,Ulloa ES,4,GE,GE: General Education,2,4,2,4,3,5,,,1,2
862,Ulloa ES,5,CB,CB: Cantonese Biliteracy,,,,1,,,,,,
862,Ulloa ES,5,GE,GE: General Education,2,,3,2,1,2,,,,
867,Visitacion Valley ES,K,CB,CB: Cantonese Biliteracy,6,3,1,1,2,1,,2,,3
867,Visitacion Valley ES,K,GE,GE: General Education,18,25,9,5,7,10,2,2,1,26
867,Visitacion Valley ES,1,GE,GE: General Education,,1,,1,,,,,,
867,Visitacion Valley ES,2,CB,CB: Cantonese Biliteracy,,,1,,,,,,,
867,Visitacion Valley ES,2,GE,GE: General Education,1,,,1,1,,1,,,
867,Visitacion Valley ES,3,CB,CB: Cantonese Biliteracy,,,1,,,,,,,
867,Visitacion Valley ES,3,GE,GE: General Education,,1,,,,,,,,
867,Visitacion Valley ES,4,GE,GE: General Education,,1,,,,,,,,1
867,Visitacion Valley ES,5,CB,CB: Cantonese Biliteracy,,1,,,,,,,,
867,Visitacion Valley ES,5,GE,GE: General Education,1,,,,,,,,,
868,Visitacion Valley MS,6,GE,GE: General Education,105,51,45,31,42,29,5,4,,9
868,Visitacion Valley MS,6,MM,MM: SDC - Mild to Moderate,4,2,,1,,,,,,
868,Visitacion Valley MS,6,NX,NX: Newcomer Program,3,2,1,1,,,,,,
868,Visitacion Valley MS,7,GE,GE: General Education,,,1,,,,,,,
868,Visitacion Valley MS,7,NX,NX: Newcomer Program,,,1,,,,,,,
868,Visitacion Valley MS,8,GE,GE: General Education,,,1,,,,,1,,
868,Visitacion Valley MS,8,NX,NX: Newcomer Program,,2,1,2,1,,,,,
785,Wallenberg (Raoul) HS,9,GE,GE: General Education,85,149,215,338,356,110,39,5,3,5
785,Wallenberg (Raoul) HS,9,MM,MM: SDC - Mild to Moderate,1,3,5,2,3,,,1,,
785,Wallenberg (Raoul) HS,10,GE,GE: General Education,,9,7,8,8,,1,,,
785,Wallenberg (Raoul) HS,11,GE,GE: General Education,1,10,7,4,3,1,,,,
785,Wallenberg (Raoul) HS,12,GE,GE: General Education,3,1,,2,,1,,,,1
785,Wallenberg (Raoul) HS,13,CA,CA: SDC - Transition Program (CAT),,4,6,1,4,,,,,1
571,Washington (George) HS,9,ED,ED: SDC - Emotionally Disturbed,3,2,1,,,,,,,
571,Washington (George) HS,9,GE,GE: General Education,348,539,967,482,252,40,16,6,1,4
571,Washington (George) HS,9,MM,MM: SDC - Mild to Moderate,12,5,2,1,,,,,,1
571,Washington (George) HS,9,MS,MS: SDC - Moderate to Severe,4,4,,1,2,,,,,
571,Washington (George) HS,9,NX,NX: Newcomer Program,,,,,1,,,,,
571,Washington (George) HS,10,GE,GE: General Education,10,15,16,9,3,,,1,,
571,Washington (George) HS,10,MM,MM: SDC - Mild to Moderate,,,1,,,,,,,
571,Washington (George) HS,11,GE,GE: General Education,13,14,14,11,3,,,,,
571,Washington (George) HS,12,GE,GE: General Education,4,7,6,2,,,,,,
497,Webster (Daniel) ES,K,GE,GE: General Education,21,39,12,16,13,7,3,4,1,54
497,Webster (Daniel) ES,K,SE,SE: Spanish Immersion (Non-Native),47,19,22,10,11,6,7,3,3,33
497,Webster (Daniel) ES,K,SN,SN: Spanish Immersion (Spanish Speakers),11,9,12,5,6,2,4,,,6
497,Webster (Daniel) ES,1,GE,GE: General Education,1,1,2,1,1,,,,,2
497,Webster (Daniel) ES,1,SE,SE: Spanish Immersion (Non-Native),4,2,1,1,1,,,,,
497,Webster (Daniel) ES,1,SN,SN: Spanish Immersion (Spanish Speakers),,1,1,,1,,,,,
497,Webster (Daniel) ES,2,GE,GE: General Education,,1,1,3,,,,,1,
497,Webster (Daniel) ES,2,SN,SN: Spanish Immersion (Spanish Speakers),,,1,,,1,,,,
497,Webster (Daniel) ES,3,GE,GE: General Education,,1,,,,,,,,
497,Webster (Daniel) ES,4,GE,GE: General Education,1,,1,,,,,,,1
497,Webster (Daniel) ES,4,SN,SN: Spanish Immersion (Spanish Speakers),,,,1,,,,,,
497,Webster (Daniel) ES,5,GE,GE: General Education,2,,,,1,,,,,
876,West Portal ES,TK,GE,GE: General Education,91,72,66,32,14,4,1,2,,
876,West Portal ES,K,CE,CE: Cantonese Immersion (All English),34,31,44,30,23,20,12,14,9,50
876,West Portal ES,K,CN,CN: Cantonese Immersion (Cantonese Speakers),21,24,34,20,15,6,9,11,4,13
876,West Portal ES,K,GE,GE: General Education,59,84,82,97,80,51,50,39,41,154
876,West Portal ES,1,CE,CE: Cantonese Immersion (All English),3,1,3,2,,,1,3,2,1
876,West Portal ES,1,CN,CN: Cantonese Immersion (Cantonese Speakers),3,3,1,1,,,,,,
876,West Portal ES,1,GE,GE: General Education,2,7,4,4,6,6,2,1,2,1
876,West Portal ES,2,CN,CN: Cantonese Immersion (Cantonese Speakers),,1,1,,,,,,,
876,West Portal ES,2,GE,GE: General Education,4,5,3,1,1,2,2,1,,
876,West Portal ES,3,CN,CN: Cantonese Immersion (Cantonese Speakers),1,1,,,,,,,,
876,West Portal ES,3,GE,GE: General Education,5,2,4,3,,1,1,,,1
876,West Portal ES,4,CN,CN: Cantonese Immersion (Cantonese Speakers),,1,1,,,,,,,
876,West Portal ES,4,GE,GE: General Education,6,1,2,5,,1,3,1,1,1
876,West Portal ES,5,CN,CN: Cantonese Immersion (Cantonese Speakers),,,,,,,,1,,
876,West Portal ES,5,GE,GE: General Education,1,1,,,2,,,,,
801,Wo (Yick) ES,K,GE,GE: General Education,35,33,37,17,28,12,10,8,3,61
801,Wo (Yick) ES,K,SA,SA: SDC - Mod/Severe Autism Focus,,,,4,,,,,,
801,Wo (Yick) ES,1,GE,GE: General Education,1,2,,,,,,,1,1
801,Wo (Yick) ES,2,GE,GE: General Education,,,1,1,1,1,,,,1
801,Wo (Yick) ES,3,GE,GE: General Education,1,1,,,,,,,,1
801,Wo (Yick) ES,4,GE,GE: General Education,1,1,,1,,1,,,1,1
801,Wo (Yick) ES,5,GE,GE: General Education,1,,,,1,,,,,
485,Yu (Alice Fong) K-8,K,CE,CE: Cantonese Immersion (All English),74,41,39,30,27,15,12,19,5,64
485,Yu (Alice Fong) K-8,K,CT,CT: Cantonese Immersion (All others),80,61,60,38,37,13,15,8,13,33
485,Yu (Alice Fong) K-8,1,CE,CE: Cantonese Immersion (All English),1,2,1,,,1,,1,,2
485,Yu (Alice Fong) K-8,1,CT,CT: Cantonese Immersion (All others),3,2,7,1,2,,1,,,
485,Yu (Alice Fong) K-8,2,CN,CN: Cantonese Immersion (Cantonese Speakers),3,,1,1,,,,,,
485,Yu (Alice Fong) K-8,3,CN,CN: Cantonese Immersion (Cantonese Speakers),2,1,,,,,,1,,
485,Yu (Alice Fong) K-8,5,CN,CN: Cantonese Immersion (Cantonese Speakers),1,2,,,,,,,,
485,Yu (Alice Fong) K-8,6,CN,CN: Cantonese Immersion (Cantonese Speakers),16,28,15,15,13,1,3,3,,1
485,Yu (Alice Fong) K-8,7,CN,CN: Cantonese Immersion (Cantonese Speakers),,1,,,,,,,,
485,Yu (Alice Fong) K-8,8,CN,CN: Cantonese Immersion (Cantonese Speakers),1,1,,,,,,,,